"ImageID","Label"
1,0
2,1
3,3
4,3
5,0
6,5
7,8
8,3
9,9
10,8
11,1
12,4
13,9
14,6
15,3
16,2
17,0
18,3
19,8
20,9
21,6
22,2
23,9
24,1
25,2
26,6
27,2
28,9
29,1
30,7
31,8
32,8
33,7
34,7
35,4
36,5
37,3
38,5
39,9
40,4
41,3
42,4
43,5
44,8
45,9
46,1
47,2
48,0
49,4
50,1
51,9
52,9
53,8
54,3
55,1
56,7
57,3
58,6
59,2
60,2
61,1
62,1
63,7
64,0
65,2
66,0
67,8
68,9
69,0
70,0
71,7
72,4
73,0
74,6
75,4
76,0
77,7
78,2
79,1
80,2
81,2
82,9
83,7
84,3
85,3
86,6
87,8
88,8
89,2
90,4
91,7
92,9
93,6
94,1
95,0
96,9
97,6
98,7
99,2
100,2
101,9
102,1
103,0
104,4
105,3
106,4
107,3
108,8
109,4
110,4
111,2
112,6
113,6
114,1
115,4
116,0
117,5
118,9
119,4
120,4
121,1
122,7
123,5
124,7
125,8
126,2
127,1
128,9
129,2
130,1
131,2
132,7
133,9
134,2
135,4
136,1
137,4
138,1
139,6
140,0
141,7
142,8
143,2
144,8
145,1
146,4
147,5
148,1
149,4
150,8
151,3
152,1
153,0
154,5
155,4
156,6
157,0
158,4
159,3
160,2
161,5
162,2
163,0
164,7
165,4
166,1
167,6
168,7
169,3
170,2
171,3
172,1
173,9
174,2
175,4
176,2
177,1
178,2
179,8
180,4
181,4
182,1
183,7
184,9
185,6
186,5
187,2
188,3
189,0
190,8
191,6
192,1
193,7
194,3
195,4
196,5
197,1
198,1
199,8
200,9
201,1
202,0
203,9
204,3
205,3
206,8
207,5
208,9
209,2
210,5
211,0
212,2
213,2
214,1
215,5
216,9
217,3
218,6
219,9
220,3
221,6
222,8
223,7
224,0
225,8
226,7
227,4
228,8
229,1
230,6
231,7
232,8
233,5
234,9
235,7
236,6
237,9
238,1
239,7
240,7
241,7
242,7
243,4
244,6
245,3
246,6
247,2
248,7
249,3
250,8
251,4
252,5
253,1
254,2
255,1
256,5
257,2
258,3
259,2
260,0
261,7
262,8
263,0
264,0
265,2
266,1
267,7
268,9
269,7
270,4
271,2
272,1
273,2
274,2
275,7
276,1
277,1
278,0
279,6
280,6
281,8
282,2
283,4
284,5
285,1
286,7
287,1
288,0
289,5
290,4
291,7
292,8
293,1
294,2
295,2
296,5
297,4
298,1
299,6
300,0
301,5
302,7
303,4
304,9
305,3
306,7
307,9
308,9
309,9
310,4
311,6
312,7
313,2
314,5
315,5
316,6
317,9
318,4
319,2
320,8
321,9
322,4
323,1
324,8
325,5
326,2
327,8
328,6
329,4
330,2
331,2
332,2
333,8
334,3
335,9
336,1
337,8
338,8
339,5
340,8
341,2
342,2
343,3
344,1
345,2
346,4
347,3
348,6
349,7
350,4
351,4
352,1
353,9
354,7
355,9
356,9
357,6
358,8
359,3
360,6
361,5
362,0
363,8
364,1
365,4
366,0
367,9
368,6
369,1
370,3
371,0
372,6
373,6
374,3
375,9
376,9
377,8
378,7
379,3
380,8
381,9
382,7
383,0
384,0
385,9
386,9
387,1
388,7
389,5
390,3
391,1
392,5
393,4
394,0
395,9
396,7
397,8
398,0
399,2
400,1
401,8
402,1
403,1
404,6
405,1
406,7
407,0
408,2
409,4
410,7
411,1
412,4
413,7
414,0
415,0
416,7
417,0
418,4
419,7
420,2
421,8
422,1
423,1
424,4
425,0
426,6
427,6
428,0
429,5
430,2
431,6
432,1
433,0
434,3
435,4
436,7
437,2
438,2
439,6
440,8
441,6
442,8
443,6
444,6
445,7
446,9
447,4
448,3
449,4
450,5
451,2
452,9
453,9
454,5
455,2
456,8
457,4
458,0
459,5
460,9
461,3
462,3
463,1
464,3
465,4
466,0
467,2
468,6
469,3
470,4
471,2
472,0
473,6
474,3
475,2
476,8
477,5
478,7
479,4
480,6
481,1
482,9
483,3
484,5
485,6
486,0
487,8
488,1
489,8
490,2
491,1
492,3
493,1
494,9
495,1
496,8
497,7
498,5
499,5
500,4
501,6
502,4
503,6
504,1
505,8
506,6
507,5
508,8
509,2
510,6
511,6
512,2
513,9
514,4
515,5
516,5
517,3
518,5
519,3
520,8
521,7
522,4
523,3
524,3
525,1
526,9
527,9
528,1
529,1
530,5
531,9
532,4
533,0
534,8
535,1
536,0
537,6
538,9
539,7
540,3
541,1
542,2
543,3
544,0
545,2
546,6
547,1
548,7
549,3
550,7
551,4
552,6
553,8
554,0
555,8
556,9
557,6
558,6
559,6
560,3
561,7
562,3
563,0
564,4
565,2
566,4
567,4
568,6
569,8
570,1
571,5
572,2
573,4
574,1
575,2
576,1
577,0
578,9
579,4
580,6
581,1
582,8
583,0
584,8
585,3
586,7
587,4
588,5
589,1
590,3
591,7
592,0
593,1
594,7
595,4
596,8
597,8
598,8
599,5
600,8
601,6
602,5
603,8
604,3
605,7
606,4
607,9
608,5
609,1
610,8
611,1
612,0
613,9
614,1
615,0
616,1
617,9
618,3
619,8
620,7
621,9
622,4
623,5
624,6
625,2
626,6
627,5
628,4
629,0
630,2
631,9
632,5
633,9
634,8
635,0
636,4
637,2
638,6
639,2
640,3
641,6
642,7
643,4
644,0
645,0
646,2
647,1
648,7
649,8
650,8
651,9
652,0
653,8
654,0
655,7
656,8
657,8
658,1
659,1
660,2
661,1
662,6
663,7
664,3
665,3
666,5
667,3
668,9
669,3
670,5
671,9
672,1
673,2
674,6
675,2
676,9
677,8
678,2
679,1
680,5
681,7
682,9
683,8
684,2
685,2
686,0
687,5
688,3
689,1
690,5
691,1
692,9
693,9
694,2
695,9
696,7
697,4
698,4
699,5
700,4
701,4
702,6
703,6
704,0
705,0
706,9
707,9
708,2
709,3
710,2
711,0
712,1
713,1
714,7
715,9
716,7
717,9
718,3
719,0
720,5
721,4
722,0
723,4
724,2
725,9
726,5
727,7
728,2
729,5
730,1
731,2
732,8
733,1
734,0
735,0
736,4
737,7
738,4
739,3
740,7
741,8
742,1
743,2
744,8
745,0
746,6
747,3
748,0
749,7
750,0
751,1
752,3
753,2
754,8
755,3
756,5
757,0
758,2
759,7
760,0
761,9
762,7
763,1
764,1
765,7
766,8
767,0
768,3
769,6
770,1
771,7
772,3
773,6
774,7
775,6
776,1
777,2
778,6
779,7
780,2
781,4
782,1
783,5
784,2
785,0
786,4
787,0
788,5
789,7
790,1
791,6
792,1
793,3
794,6
795,1
796,6
797,1
798,8
799,4
800,1
801,3
802,6
803,8
804,4
805,6
806,1
807,1
808,1
809,5
810,7
811,0
812,8
813,3
814,1
815,5
816,4
817,3
818,0
819,3
820,1
821,9
822,0
823,9
824,9
825,9
826,5
827,4
828,3
829,5
830,6
831,5
832,1
833,4
834,8
835,3
836,2
837,0
838,3
839,7
840,3
841,1
842,7
843,2
844,2
845,7
846,8
847,8
848,6
849,6
850,1
851,8
852,9
853,3
854,8
855,8
856,1
857,5
858,5
859,7
860,2
861,1
862,9
863,2
864,8
865,1
866,2
867,3
868,7
869,1
870,8
871,9
872,1
873,6
874,7
875,4
876,2
877,0
878,0
879,3
880,3
881,3
882,3
883,7
884,3
885,5
886,6
887,3
888,2
889,4
890,8
891,8
892,2
893,9
894,8
895,5
896,5
897,6
898,3
899,7
900,2
901,7
902,6
903,0
904,9
905,5
906,9
907,6
908,2
909,1
910,2
911,3
912,3
913,4
914,3
915,8
916,1
917,2
918,0
919,4
920,9
921,4
922,4
923,9
924,8
925,6
926,3
927,1
928,0
929,6
930,8
931,7
932,6
933,4
934,5
935,7
936,7
937,8
938,0
939,7
940,1
941,2
942,7
943,2
944,6
945,8
946,0
947,8
948,2
949,5
950,0
951,1
952,1
953,3
954,8
955,6
956,7
957,9
958,5
959,0
960,5
961,3
962,9
963,8
964,1
965,1
966,7
967,2
968,2
969,1
970,6
971,6
972,4
973,5
974,7
975,6
976,7
977,0
978,6
979,0
980,9
981,7
982,8
983,9
984,4
985,6
986,9
987,7
988,9
989,7
990,8
991,9
992,4
993,2
994,8
995,7
996,1
997,4
998,0
999,3
1000,8
1001,1
1002,7
1003,1
1004,0
1005,4
1006,6
1007,6
1008,2
1009,9
1010,5
1011,6
1012,4
1013,2
1014,7
1015,2
1016,8
1017,2
1018,4
1019,3
1020,1
1021,1
1022,4
1023,4
1024,1
1025,3
1026,6
1027,3
1028,5
1029,8
1030,5
1031,7
1032,4
1033,6
1034,4
1035,6
1036,8
1037,9
1038,9
1039,4
1040,4
1041,1
1042,3
1043,4
1044,1
1045,1
1046,2
1047,1
1048,7
1049,7
1050,6
1051,7
1052,2
1053,5
1054,9
1055,3
1056,9
1057,4
1058,3
1059,9
1060,4
1061,8
1062,8
1063,4
1064,8
1065,5
1066,7
1067,8
1068,8
1069,6
1070,0
1071,1
1072,0
1073,0
1074,6
1075,0
1076,8
1077,7
1078,8
1079,3
1080,8
1081,3
1082,7
1083,8
1084,7
1085,7
1086,1
1087,5
1088,7
1089,7
1090,6
1091,1
1092,4
1093,9
1094,9
1095,2
1096,8
1097,6
1098,7
1099,5
1100,3
1101,1
1102,7
1103,4
1104,6
1105,8
1106,1
1107,2
1108,6
1109,5
1110,1
1111,6
1112,2
1113,3
1114,9
1115,6
1116,0
1117,3
1118,1
1119,2
1120,1
1121,1
1122,7
1123,7
1124,3
1125,9
1126,0
1127,9
1128,2
1129,0
1130,4
1131,9
1132,1
1133,7
1134,2
1135,9
1136,4
1137,4
1138,6
1139,3
1140,8
1141,7
1142,0
1143,4
1144,5
1145,4
1146,3
1147,9
1148,9
1149,0
1150,8
1151,8
1152,0
1153,9
1154,2
1155,1
1156,0
1157,6
1158,9
1159,0
1160,0
1161,5
1162,0
1163,1
1164,1
1165,3
1166,6
1167,4
1168,6
1169,4
1170,8
1171,8
1172,0
1173,1
1174,2
1175,5
1176,1
1177,2
1178,3
1179,2
1180,2
1181,7
1182,6
1183,5
1184,5
1185,7
1186,2
1187,6
1188,3
1189,2
1190,6
1191,7
1192,2
1193,8
1194,4
1195,7
1196,7
1197,0
1198,6
1199,3
1200,2
1201,9
1202,2
1203,2
1204,8
1205,4
1206,8
1207,7
1208,4
1209,9
1210,0
1211,3
1212,4
1213,9
1214,1
1215,8
1216,5
1217,8
1218,0
1219,4
1220,0
1221,9
1222,1
1223,0
1224,8
1225,2
1226,3
1227,1
1228,1
1229,6
1230,2
1231,6
1232,7
1233,1
1234,1
1235,6
1236,1
1237,1
1238,7
1239,3
1240,4
1241,3
1242,5
1243,8
1244,3
1245,4
1246,4
1247,7
1248,6
1249,1
1250,3
1251,4
1252,6
1253,2
1254,4
1255,4
1256,9
1257,7
1258,1
1259,6
1260,4
1261,2
1262,1
1263,1
1264,5
1265,2
1266,2
1267,2
1268,6
1269,8
1270,4
1271,9
1272,9
1273,7
1274,2
1275,3
1276,7
1277,8
1278,4
1279,6
1280,0
1281,2
1282,4
1283,4
1284,8
1285,5
1286,6
1287,2
1288,8
1289,5
1290,5
1291,8
1292,0
1293,8
1294,1
1295,1
1296,7
1297,3
1298,3
1299,1
1300,2
1301,3
1302,4
1303,0
1304,7
1305,9
1306,3
1307,8
1308,6
1309,3
1310,2
1311,0
1312,4
1313,7
1314,3
1315,8
1316,3
1317,2
1318,3
1319,1
1320,7
1321,3
1322,6
1323,2
1324,9
1325,5
1326,0
1327,7
1328,9
1329,5
1330,7
1331,2
1332,9
1333,4
1334,6
1335,0
1336,5
1337,8
1338,2
1339,9
1340,2
1341,8
1342,5
1343,7
1344,4
1345,3
1346,8
1347,8
1348,9
1349,3
1350,1
1351,2
1352,8
1353,6
1354,4
1355,1
1356,8
1357,5
1358,8
1359,6
1360,3
1361,5
1362,1
1363,8
1364,9
1365,9
1366,2
1367,6
1368,6
1369,3
1370,8
1371,9
1372,7
1373,1
1374,4
1375,3
1376,1
1377,8
1378,6
1379,2
1380,6
1381,9
1382,9
1383,9
1384,5
1385,3
1386,6
1387,5
1388,9
1389,8
1390,7
1391,1
1392,1
1393,6
1394,8
1395,1
1396,3
1397,8
1398,8
1399,8
1400,2
1401,3
1402,6
1403,4
1404,2
1405,2
1406,4
1407,1
1408,1
1409,6
1410,1
1411,3
1412,8
1413,7
1414,2
1415,1
1416,2
1417,1
1418,3
1419,6
1420,4
1421,5
1422,7
1423,1
1424,5
1425,2
1426,3
1427,4
1428,6
1429,1
1430,8
1431,2
1432,0
1433,7
1434,8
1435,3
1436,6
1437,3
1438,8
1439,7
1440,1
1441,4
1442,7
1443,5
1444,8
1445,7
1446,7
1447,3
1448,0
1449,8
1450,0
1451,1
1452,7
1453,2
1454,8
1455,8
1456,7
1457,3
1458,7
1459,4
1460,4
1461,0
1462,3
1463,9
1464,0
1465,9
1466,0
1467,1
1468,1
1469,4
1470,9
1471,0
1472,6
1473,5
1474,1
1475,9
1476,8
1477,3
1478,8
1479,6
1480,6
1481,5
1482,7
1483,9
1484,6
1485,8
1486,0
1487,9
1488,8
1489,9
1490,1
1491,8
1492,1
1493,8
1494,0
1495,2
1496,4
1497,1
1498,1
1499,1
1500,3
1501,3
1502,4
1503,1
1504,7
1505,9
1506,5
1507,3
1508,3
1509,2
1510,0
1511,7
1512,1
1513,4
1514,2
1515,7
1516,3
1517,8
1518,5
1519,9
1520,2
1521,3
1522,9
1523,5
1524,5
1525,1
1526,2
1527,2
1528,9
1529,7
1530,5
1531,1
1532,6
1533,1
1534,2
1535,8
1536,7
1537,5
1538,0
1539,1
1540,1
1541,7
1542,7
1543,3
1544,0
1545,2
1546,2
1547,8
1548,6
1549,2
1550,9
1551,6
1552,2
1553,1
1554,5
1555,6
1556,6
1557,0
1558,4
1559,9
1560,3
1561,9
1562,1
1563,1
1564,2
1565,4
1566,8
1567,4
1568,3
1569,1
1570,6
1571,6
1572,0
1573,5
1574,4
1575,2
1576,6
1577,8
1578,5
1579,1
1580,5
1581,0
1582,4
1583,9
1584,7
1585,7
1586,3
1587,5
1588,2
1589,4
1590,0
1591,9
1592,5
1593,0
1594,9
1595,6
1596,4
1597,7
1598,5
1599,0
1600,3
1601,8
1602,3
1603,8
1604,1
1605,0
1606,7
1607,4
1608,5
1609,6
1610,8
1611,3
1612,7
1613,7
1614,5
1615,9
1616,0
1617,9
1618,9
1619,9
1620,3
1621,7
1622,0
1623,6
1624,7
1625,1
1626,0
1627,8
1628,3
1629,8
1630,3
1631,9
1632,9
1633,9
1634,4
1635,0
1636,3
1637,6
1638,7
1639,4
1640,4
1641,7
1642,3
1643,3
1644,5
1645,8
1646,1
1647,7
1648,3
1649,0
1650,2
1651,2
1652,3
1653,0
1654,0
1655,2
1656,9
1657,0
1658,8
1659,8
1660,9
1661,4
1662,7
1663,1
1664,0
1665,3
1666,4
1667,1
1668,5
1669,6
1670,0
1671,6
1672,0
1673,3
1674,7
1675,5
1676,8
1677,5
1678,1
1679,5
1680,3
1681,6
1682,0
1683,6
1684,6
1685,9
1686,5
1687,0
1688,6
1689,8
1690,1
1691,8
1692,7
1693,4
1694,8
1695,2
1696,5
1697,2
1698,9
1699,8
1700,8
1701,5
1702,4
1703,6
1704,1
1705,3
1706,6
1707,2
1708,9
1709,1
1710,0
1711,5
1712,6
1713,8
1714,2
1715,2
1716,1
1717,8
1718,7
1719,6
1720,9
1721,2
1722,6
1723,7
1724,7
1725,7
1726,8
1727,1
1728,5
1729,3
1730,2
1731,4
1732,3
1733,7
1734,7
1735,0
1736,0
1737,5
1738,0
1739,2
1740,7
1741,6
1742,5
1743,3
1744,9
1745,1
1746,2
1747,4
1748,9
1749,7
1750,2
1751,5
1752,7
1753,7
1754,4
1755,5
1756,8
1757,4
1758,6
1759,3
1760,6
1761,9
1762,6
1763,3
1764,3
1765,0
1766,3
1767,8
1768,7
1769,7
1770,1
1771,2
1772,5
1773,9
1774,8
1775,0
1776,4
1777,4
1778,6
1779,6
1780,2
1781,0
1782,8
1783,8
1784,0
1785,6
1786,3
1787,2
1788,0
1789,1
1790,3
1791,0
1792,8
1793,7
1794,9
1795,0
1796,8
1797,1
1798,6
1799,7
1800,9
1801,1
1802,5
1803,6
1804,4
1805,1
1806,0
1807,6
1808,7
1809,2
1810,5
1811,8
1812,3
1813,3
1814,6
1815,2
1816,7
1817,3
1818,1
1819,1
1820,1
1821,0
1822,0
1823,4
1824,0
1825,9
1826,9
1827,1
1828,9
1829,3
1830,6
1831,7
1832,9
1833,5
1834,9
1835,3
1836,2
1837,1
1838,9
1839,1
1840,0
1841,2
1842,7
1843,8
1844,7
1845,5
1846,3
1847,1
1848,3
1849,4
1850,1
1851,5
1852,4
1853,7
1854,0
1855,7
1856,6
1857,8
1858,4
1859,2
1860,1
1861,5
1862,7
1863,9
1864,4
1865,0
1866,3
1867,7
1868,8
1869,7
1870,7
1871,1
1872,0
1873,9
1874,3
1875,1
1876,0
1877,9
1878,3
1879,5
1880,2
1881,1
1882,9
1883,1
1884,1
1885,5
1886,4
1887,6
1888,4
1889,9
1890,1
1891,5
1892,8
1893,9
1894,4
1895,5
1896,2
1897,8
1898,0
1899,4
1900,1
1901,1
1902,5
1903,5
1904,3
1905,4
1906,6
1907,1
1908,4
1909,1
1910,8
1911,1
1912,7
1913,8
1914,8
1915,7
1916,5
1917,8
1918,3
1919,0
1920,7
1921,2
1922,9
1923,3
1924,9
1925,5
1926,6
1927,1
1928,3
1929,6
1930,3
1931,6
1932,3
1933,2
1934,9
1935,3
1936,1
1937,9
1938,2
1939,4
1940,6
1941,9
1942,3
1943,5
1944,5
1945,3
1946,8
1947,9
1948,2
1949,0
1950,9
1951,8
1952,2
1953,3
1954,4
1955,8
1956,1
1957,5
1958,6
1959,9
1960,2
1961,0
1962,0
1963,8
1964,2
1965,7
1966,3
1967,1
1968,7
1969,1
1970,3
1971,5
1972,4
1973,8
1974,8
1975,4
1976,5
1977,0
1978,3
1979,1
1980,4
1981,2
1982,3
1983,8
1984,9
1985,8
1986,9
1987,4
1988,5
1989,1
1990,8
1991,3
1992,0
1993,2
1994,0
1995,3
1996,4
1997,6
1998,8
1999,4
2000,2
2001,5
2002,3
2003,4
2004,1
2005,4
2006,4
2007,9
2008,1
2009,8
2010,4
2011,3
2012,7
2013,9
2014,9
2015,3
2016,9
2017,1
2018,4
2019,9
2020,7
2021,5
2022,0
2023,7
2024,0
2025,1
2026,3
2027,0
2028,2
2029,5
2030,4
2031,5
2032,4
2033,7
2034,9
2035,0
2036,9
2037,3
2038,1
2039,7
2040,1
2041,3
2042,1
2043,6
2044,9
2045,9
2046,0
2047,0
2048,7
2049,3
2050,9
2051,8
2052,1
2053,0
2054,0
2055,2
2056,3
2057,2
2058,2
2059,2
2060,5
2061,7
2062,2
2063,0
2064,1
2065,9
2066,6
2067,7
2068,4
2069,0
2070,7
2071,4
2072,3
2073,8
2074,9
2075,5
2076,5
2077,5
2078,9
2079,6
2080,5
2081,4
2082,3
2083,3
2084,4
2085,4
2086,1
2087,4
2088,4
2089,7
2090,1
2091,5
2092,2
2093,6
2094,9
2095,3
2096,0
2097,6
2098,5
2099,9
2100,8
2101,8
2102,8
2103,5
2104,2
2105,1
2106,9
2107,0
2108,9
2109,8
2110,7
2111,2
2112,3
2113,9
2114,1
2115,3
2116,6
2117,2
2118,8
2119,4
2120,6
2121,7
2122,2
2123,7
2124,3
2125,4
2126,6
2127,0
2128,6
2129,0
2130,2
2131,5
2132,6
2133,7
2134,1
2135,7
2136,9
2137,9
2138,8
2139,4
2140,8
2141,1
2142,5
2143,9
2144,2
2145,6
2146,0
2147,3
2148,7
2149,9
2150,3
2151,6
2152,5
2153,4
2154,5
2155,2
2156,6
2157,1
2158,6
2159,4
2160,0
2161,5
2162,6
2163,1
2164,7
2165,0
2166,7
2167,8
2168,4
2169,9
2170,4
2171,6
2172,2
2173,4
2174,2
2175,1
2176,8
2177,1
2178,0
2179,5
2180,0
2181,1
2182,5
2183,0
2184,5
2185,6
2186,1
2187,9
2188,4
2189,2
2190,4
2191,9
2192,1
2193,7
2194,3
2195,4
2196,7
2197,4
2198,4
2199,9
2200,3
2201,4
2202,0
2203,4
2204,2
2205,6
2206,3
2207,1
2208,1
2209,1
2210,7
2211,0
2212,0
2213,6
2214,2
2215,3
2216,4
2217,8
2218,7
2219,1
2220,7
2221,6
2222,7
2223,3
2224,4
2225,8
2226,1
2227,3
2228,3
2229,8
2230,9
2231,8
2232,2
2233,3
2234,5
2235,6
2236,3
2237,1
2238,3
2239,5
2240,2
2241,9
2242,5
2243,3
2244,1
2245,6
2246,6
2247,6
2248,9
2249,3
2250,0
2251,2
2252,4
2253,9
2254,3
2255,8
2256,8
2257,9
2258,0
2259,5
2260,0
2261,3
2262,5
2263,4
2264,7
2265,3
2266,8
2267,1
2268,2
2269,9
2270,3
2271,3
2272,7
2273,9
2274,7
2275,6
2276,6
2277,7
2278,8
2279,1
2280,2
2281,0
2282,5
2283,4
2284,3
2285,1
2286,4
2287,2
2288,1
2289,7
2290,4
2291,5
2292,4
2293,5
2294,8
2295,6
2296,1
2297,7
2298,8
2299,9
2300,4
2301,1
2302,9
2303,5
2304,6
2305,7
2306,9
2307,0
2308,8
2309,9
2310,3
2311,2
2312,1
2313,1
2314,7
2315,0
2316,9
2317,7
2318,3
2319,9
2320,7
2321,6
2322,6
2323,4
2324,5
2325,4
2326,4
2327,2
2328,4
2329,0
2330,1
2331,4
2332,1
2333,4
2334,5
2335,0
2336,1
2337,5
2338,2
2339,8
2340,0
2341,6
2342,6
2343,6
2344,4
2345,0
2346,8
2347,8
2348,7
2349,7
2350,7
2351,8
2352,4
2353,0
2354,8
2355,1
2356,1
2357,0
2358,8
2359,6
2360,4
2361,3
2362,9
2363,7
2364,8
2365,1
2366,9
2367,2
2368,2
2369,1
2370,0
2371,1
2372,2
2373,6
2374,7
2375,1
2376,9
2377,1
2378,2
2379,3
2380,0
2381,8
2382,0
2383,8
2384,0
2385,5
2386,9
2387,3
2388,5
2389,2
2390,6
2391,0
2392,2
2393,8
2394,5
2395,2
2396,4
2397,4
2398,9
2399,6
2400,3
2401,7
2402,0
2403,3
2404,4
2405,9
2406,1
2407,7
2408,7
2409,8
2410,9
2411,1
2412,1
2413,9
2414,4
2415,4
2416,7
2417,6
2418,7
2419,5
2420,8
2421,3
2422,0
2423,3
2424,9
2425,4
2426,9
2427,0
2428,6
2429,9
2430,4
2431,9
2432,7
2433,8
2434,1
2435,4
2436,6
2437,5
2438,4
2439,0
2440,9
2441,3
2442,3
2443,2
2444,6
2445,6
2446,0
2447,2
2448,0
2449,8
2450,4
2451,0
2452,9
2453,8
2454,7
2455,9
2456,1
2457,8
2458,4
2459,4
2460,5
2461,2
2462,7
2463,0
2464,0
2465,9
2466,4
2467,4
2468,3
2469,2
2470,0
2471,4
2472,8
2473,4
2474,1
2475,6
2476,9
2477,2
2478,3
2479,4
2480,4
2481,8
2482,2
2483,7
2484,1
2485,2
2486,8
2487,0
2488,0
2489,2
2490,3
2491,0
2492,3
2493,9
2494,0
2495,5
2496,5
2497,8
2498,6
2499,7
2500,8
2501,9
2502,1
2503,2
2504,4
2505,4
2506,0
2507,4
2508,5
2509,8
2510,4
2511,5
2512,7
2513,8
2514,1
2515,7
2516,0
2517,8
2518,8
2519,8
2520,2
2521,8
2522,8
2523,6
2524,9
2525,2
2526,6
2527,5
2528,0
2529,6
2530,8
2531,3
2532,8
2533,5
2534,4
2535,3
2536,5
2537,0
2538,9
2539,4
2540,6
2541,1
2542,4
2543,2
2544,4
2545,2
2546,5
2547,1
2548,7
2549,0
2550,7
2551,4
2552,9
2553,7
2554,2
2555,7
2556,3
2557,1
2558,4
2559,9
2560,9
2561,1
2562,7
2563,6
2564,6
2565,1
2566,3
2567,1
2568,2
2569,9
2570,3
2571,1
2572,7
2573,7
2574,9
2575,0
2576,1
2577,6
2578,8
2579,9
2580,0
2581,8
2582,2
2583,0
2584,3
2585,2
2586,8
2587,3
2588,6
2589,5
2590,7
2591,4
2592,8
2593,1
2594,8
2595,2
2596,2
2597,2
2598,0
2599,5
2600,7
2601,5
2602,3
2603,4
2604,9
2605,9
2606,5
2607,7
2608,0
2609,8
2610,0
2611,7
2612,7
2613,3
2614,9
2615,6
2616,9
2617,6
2618,6
2619,8
2620,4
2621,8
2622,1
2623,3
2624,0
2625,5
2626,0
2627,3
2628,1
2629,0
2630,2
2631,6
2632,5
2633,6
2634,7
2635,0
2636,7
2637,6
2638,4
2639,6
2640,1
2641,2
2642,8
2643,4
2644,7
2645,9
2646,6
2647,2
2648,8
2649,7
2650,9
2651,1
2652,2
2653,8
2654,2
2655,9
2656,5
2657,9
2658,7
2659,4
2660,8
2661,2
2662,5
2663,5
2664,9
2665,4
2666,3
2667,7
2668,3
2669,3
2670,3
2671,2
2672,0
2673,4
2674,2
2675,5
2676,9
2677,7
2678,8
2679,7
2680,5
2681,3
2682,4
2683,4
2684,4
2685,2
2686,8
2687,3
2688,8
2689,1
2690,4
2691,5
2692,7
2693,0
2694,4
2695,5
2696,7
2697,8
2698,0
2699,2
2700,9
2701,3
2702,2
2703,0
2704,7
2705,9
2706,7
2707,8
2708,8
2709,1
2710,6
2711,0
2712,6
2713,2
2714,4
2715,7
2716,4
2717,3
2718,9
2719,8
2720,0
2721,2
2722,2
2723,2
2724,9
2725,7
2726,7
2727,3
2728,1
2729,3
2730,1
2731,0
2732,9
2733,3
2734,7
2735,6
2736,6
2737,8
2738,0
2739,9
2740,0
2741,9
2742,6
2743,6
2744,1
2745,3
2746,4
2747,9
2748,2
2749,7
2750,4
2751,2
2752,9
2753,3
2754,4
2755,8
2756,8
2757,9
2758,6
2759,5
2760,9
2761,3
2762,2
2763,0
2764,1
2765,1
2766,2
2767,3
2768,1
2769,3
2770,7
2771,2
2772,2
2773,5
2774,5
2775,2
2776,5
2777,2
2778,6
2779,7
2780,9
2781,6
2782,2
2783,5
2784,0
2785,3
2786,8
2787,6
2788,3
2789,8
2790,0
2791,2
2792,4
2793,7
2794,0
2795,5
2796,7
2797,2
2798,9
2799,1
2800,1
2801,0
2802,9
2803,6
2804,8
2805,0
2806,9
2807,2
2808,9
2809,7
2810,8
2811,8
2812,7
2813,9
2814,7
2815,1
2816,3
2817,3
2818,6
2819,3
2820,3
2821,1
2822,9
2823,7
2824,5
2825,3
2826,5
2827,8
2828,3
2829,6
2830,7
2831,3
2832,5
2833,1
2834,3
2835,8
2836,1
2837,5
2838,4
2839,9
2840,3
2841,3
2842,0
2843,8
2844,2
2845,7
2846,9
2847,1
2848,2
2849,9
2850,9
2851,2
2852,0
2853,4
2854,3
2855,6
2856,0
2857,2
2858,5
2859,1
2860,9
2861,0
2862,6
2863,6
2864,6
2865,8
2866,8
2867,3
2868,1
2869,7
2870,7
2871,8
2872,3
2873,3
2874,4
2875,0
2876,3
2877,6
2878,9
2879,7
2880,3
2881,1
2882,8
2883,0
2884,3
2885,0
2886,5
2887,7
2888,3
2889,0
2890,5
2891,1
2892,8
2893,9
2894,6
2895,8
2896,6
2897,9
2898,6
2899,1
2900,5
2901,6
2902,6
2903,7
2904,3
2905,6
2906,6
2907,6
2908,5
2909,7
2910,9
2911,2
2912,4
2913,9
2914,2
2915,4
2916,2
2917,3
2918,5
2919,2
2920,8
2921,6
2922,2
2923,6
2924,4
2925,8
2926,1
2927,2
2928,9
2929,4
2930,1
2931,3
2932,6
2933,3
2934,1
2935,9
2936,1
2937,5
2938,1
2939,5
2940,6
2941,8
2942,5
2943,7
2944,0
2945,5
2946,3
2947,6
2948,9
2949,7
2950,8
2951,5
2952,8
2953,0
2954,1
2955,5
2956,4
2957,9
2958,9
2959,9
2960,2
2961,6
2962,1
2963,7
2964,3
2965,6
2966,0
2967,8
2968,5
2969,7
2970,1
2971,2
2972,8
2973,2
2974,9
2975,1
2976,1
2977,2
2978,6
2979,1
2980,5
2981,0
2982,5
2983,8
2984,7
2985,8
2986,9
2987,3
2988,0
2989,9
2990,1
2991,2
2992,4
2993,6
2994,3
2995,7
2996,8
2997,5
2998,3
2999,6
3000,1
3001,1
3002,1
3003,3
3004,3
3005,7
3006,9
3007,4
3008,6
3009,0
3010,4
3011,8
3012,5
3013,6
3014,1
3015,0
3016,1
3017,7
3018,7
3019,2
3020,8
3021,3
3022,9
3023,4
3024,0
3025,7
3026,7
3027,4
3028,8
3029,8
3030,4
3031,6
3032,8
3033,3
3034,2
3035,4
3036,3
3037,7
3038,8
3039,3
3040,0
3041,5
3042,7
3043,3
3044,7
3045,5
3046,0
3047,7
3048,4
3049,5
3050,4
3051,7
3052,3
3053,8
3054,0
3055,1
3056,9
3057,8
3058,8
3059,4
3060,7
3061,6
3062,9
3063,1
3064,1
3065,2
3066,9
3067,1
3068,9
3069,3
3070,1
3071,5
3072,1
3073,0
3074,3
3075,6
3076,1
3077,4
3078,2
3079,6
3080,1
3081,2
3082,6
3083,8
3084,6
3085,3
3086,4
3087,1
3088,8
3089,1
3090,8
3091,6
3092,6
3093,6
3094,2
3095,9
3096,6
3097,8
3098,4
3099,5
3100,8
3101,0
3102,7
3103,5
3104,2
3105,9
3106,8
3107,8
3108,7
3109,0
3110,1
3111,9
3112,6
3113,4
3114,1
3115,2
3116,7
3117,7
3118,0
3119,1
3120,1
3121,8
3122,5
3123,1
3124,9
3125,6
3126,8
3127,5
3128,3
3129,3
3130,7
3131,3
3132,3
3133,0
3134,2
3135,5
3136,6
3137,1
3138,9
3139,1
3140,6
3141,3
3142,6
3143,3
3144,5
3145,6
3146,1
3147,4
3148,9
3149,3
3150,9
3151,5
3152,5
3153,4
3154,1
3155,5
3156,8
3157,2
3158,4
3159,6
3160,1
3161,4
3162,9
3163,4
3164,0
3165,5
3166,2
3167,6
3168,3
3169,9
3170,9
3171,5
3172,3
3173,1
3174,3
3175,5
3176,6
3177,8
3178,4
3179,7
3180,0
3181,9
3182,5
3183,6
3184,0
3185,5
3186,8
3187,5
3188,9
3189,7
3190,4
3191,6
3192,8
3193,2
3194,6
3195,6
3196,9
3197,0
3198,0
3199,3
3200,2
3201,1
3202,6
3203,3
3204,9
3205,3
3206,8
3207,6
3208,3
3209,5
3210,4
3211,3
3212,8
3213,6
3214,2
3215,2
3216,2
3217,3
3218,3
3219,4
3220,5
3221,3
3222,8
3223,7
3224,5
3225,4
3226,8
3227,0
3228,2
3229,1
3230,2
3231,4
3232,0
3233,6
3234,2
3235,1
3236,9
3237,8
3238,9
3239,9
3240,6
3241,3
3242,4
3243,6
3244,1
3245,9
3246,8
3247,0
3248,3
3249,1
3250,9
3251,9
3252,9
3253,6
3254,7
3255,9
3256,5
3257,2
3258,1
3259,0
3260,6
3261,6
3262,0
3263,5
3264,7
3265,9
3266,6
3267,7
3268,3
3269,1
3270,7
3271,9
3272,3
3273,2
3274,1
3275,2
3276,5
3277,1
3278,5
3279,1
3280,0
3281,5
3282,1
3283,9
3284,2
3285,9
3286,3
3287,7
3288,5
3289,8
3290,5
3291,2
3292,1
3293,0
3294,8
3295,4
3296,6
3297,7
3298,0
3299,5
3300,6
3301,0
3302,5
3303,0
3304,4
3305,0
3306,9
3307,6
3308,3
3309,7
3310,8
3311,1
3312,0
3313,3
3314,0
3315,3
3316,8
3317,8
3318,3
3319,4
3320,8
3321,0
3322,8
3323,1
3324,6
3325,4
3326,1
3327,8
3328,1
3329,7
3330,3
3331,0
3332,9
3333,1
3334,4
3335,7
3336,2
3337,5
3338,8
3339,3
3340,3
3341,3
3342,3
3343,8
3344,8
3345,5
3346,8
3347,5
3348,3
3349,1
3350,1
3351,7
3352,9
3353,0
3354,3
3355,7
3356,3
3357,4
3358,7
3359,8
3360,1
3361,5
3362,0
3363,8
3364,2
3365,0
3366,4
3367,9
3368,6
3369,2
3370,4
3371,2
3372,6
3373,9
3374,5
3375,0
3376,5
3377,1
3378,2
3379,7
3380,5
3381,9
3382,1
3383,3
3384,7
3385,7
3386,4
3387,5
3388,1
3389,9
3390,4
3391,8
3392,4
3393,6
3394,1
3395,3
3396,5
3397,5
3398,0
3399,1
3400,6
3401,2
3402,2
3403,8
3404,2
3405,6
3406,0
3407,4
3408,1
3409,1
3410,4
3411,6
3412,1
3413,4
3414,7
3415,4
3416,6
3417,0
3418,8
3419,9
3420,7
3421,9
3422,5
3423,6
3424,3
3425,0
3426,7
3427,6
3428,0
3429,3
3430,7
3431,2
3432,6
3433,6
3434,9
3435,9
3436,2
3437,7
3438,5
3439,5
3440,3
3441,9
3442,0
3443,9
3444,8
3445,0
3446,9
3447,4
3448,6
3449,3
3450,0
3451,1
3452,6
3453,6
3454,7
3455,2
3456,2
3457,3
3458,1
3459,8
3460,2
3461,7
3462,4
3463,6
3464,0
3465,0
3466,9
3467,6
3468,7
3469,3
3470,3
3471,4
3472,2
3473,7
3474,4
3475,8
3476,7
3477,1
3478,0
3479,9
3480,7
3481,1
3482,1
3483,2
3484,6
3485,4
3486,7
3487,5
3488,6
3489,5
3490,9
3491,9
3492,8
3493,8
3494,1
3495,9
3496,7
3497,0
3498,7
3499,9
3500,3
3501,8
3502,7
3503,2
3504,9
3505,3
3506,7
3507,9
3508,8
3509,1
3510,2
3511,4
3512,3
3513,6
3514,4
3515,0
3516,5
3517,7
3518,1
3519,6
3520,0
3521,8
3522,3
3523,6
3524,9
3525,6
3526,2
3527,5
3528,8
3529,4
3530,8
3531,3
3532,4
3533,6
3534,1
3535,4
3536,5
3537,2
3538,7
3539,0
3540,3
3541,3
3542,2
3543,7
3544,9
3545,8
3546,4
3547,8
3548,5
3549,7
3550,9
3551,0
3552,6
3553,3
3554,1
3555,7
3556,2
3557,2
3558,8
3559,0
3560,1
3561,7
3562,5
3563,0
3564,5
3565,3
3566,4
3567,6
3568,7
3569,4
3570,2
3571,8
3572,8
3573,4
3574,8
3575,0
3576,5
3577,3
3578,6
3579,8
3580,0
3581,3
3582,8
3583,9
3584,6
3585,6
3586,5
3587,2
3588,2
3589,5
3590,3
3591,2
3592,9
3593,6
3594,4
3595,5
3596,0
3597,3
3598,9
3599,4
3600,4
3601,3
3602,5
3603,2
3604,9
3605,4
3606,0
3607,1
3608,6
3609,5
3610,8
3611,5
3612,5
3613,3
3614,2
3615,9
3616,4
3617,1
3618,7
3619,4
3620,6
3621,5
3622,9
3623,8
3624,6
3625,6
3626,6
3627,3
3628,7
3629,8
3630,2
3631,1
3632,0
3633,5
3634,7
3635,9
3636,7
3637,4
3638,8
3639,4
3640,1
3641,1
3642,1
3643,6
3644,3
3645,6
3646,4
3647,8
3648,5
3649,1
3650,6
3651,8
3652,6
3653,9
3654,0
3655,1
3656,6
3657,6
3658,9
3659,6
3660,2
3661,6
3662,3
3663,3
3664,2
3665,0
3666,2
3667,6
3668,1
3669,9
3670,2
3671,0
3672,9
3673,7
3674,1
3675,0
3676,8
3677,9
3678,0
3679,4
3680,1
3681,4
3682,2
3683,7
3684,7
3685,1
3686,7
3687,5
3688,9
3689,1
3690,9
3691,3
3692,9
3693,8
3694,0
3695,1
3696,5
3697,1
3698,9
3699,0
3700,4
3701,1
3702,7
3703,6
3704,9
3705,8
3706,6
3707,9
3708,3
3709,5
3710,3
3711,1
3712,5
3713,8
3714,3
3715,3
3716,0
3717,0
3718,1
3719,8
3720,1
3721,6
3722,8
3723,7
3724,1
3725,7
3726,9
3727,7
3728,0
3729,1
3730,5
3731,4
3732,3
3733,6
3734,7
3735,4
3736,1
3737,7
3738,1
3739,8
3740,8
3741,4
3742,6
3743,8
3744,1
3745,4
3746,7
3747,9
3748,6
3749,2
3750,6
3751,8
3752,4
3753,3
3754,1
3755,0
3756,0
3757,7
3758,1
3759,6
3760,1
3761,3
3762,5
3763,5
3764,0
3765,2
3766,1
3767,7
3768,1
3769,5
3770,2
3771,2
3772,2
3773,7
3774,2
3775,7
3776,2
3777,5
3778,8
3779,9
3780,2
3781,4
3782,8
3783,9
3784,9
3785,9
3786,8
3787,0
3788,9
3789,8
3790,9
3791,5
3792,8
3793,7
3794,8
3795,3
3796,2
3797,4
3798,4
3799,4
3800,6
3801,7
3802,8
3803,6
3804,5
3805,2
3806,9
3807,5
3808,4
3809,3
3810,6
3811,9
3812,4
3813,0
3814,4
3815,5
3816,4
3817,4
3818,2
3819,9
3820,1
3821,2
3822,1
3823,6
3824,8
3825,5
3826,1
3827,8
3828,8
3829,8
3830,5
3831,3
3832,8
3833,0
3834,6
3835,4
3836,9
3837,5
3838,5
3839,6
3840,7
3841,8
3842,7
3843,9
3844,2
3845,6
3846,3
3847,7
3848,3
3849,5
3850,7
3851,9
3852,3
3853,3
3854,2
3855,8
3856,0
3857,8
3858,7
3859,9
3860,1
3861,3
3862,4
3863,4
3864,5
3865,0
3866,3
3867,8
3868,3
3869,8
3870,6
3871,1
3872,6
3873,3
3874,9
3875,7
3876,1
3877,3
3878,7
3879,3
3880,4
3881,2
3882,3
3883,3
3884,1
3885,8
3886,5
3887,8
3888,2
3889,2
3890,6
3891,2
3892,8
3893,1
3894,5
3895,5
3896,7
3897,7
3898,1
3899,1
3900,1
3901,6
3902,1
3903,4
3904,9
3905,2
3906,1
3907,9
3908,1
3909,6
3910,4
3911,5
3912,4
3913,4
3914,3
3915,4
3916,8
3917,0
3918,8
3919,8
3920,2
3921,2
3922,6
3923,9
3924,0
3925,1
3926,4
3927,5
3928,8
3929,6
3930,5
3931,6
3932,5
3933,1
3934,2
3935,7
3936,8
3937,0
3938,0
3939,1
3940,6
3941,2
3942,9
3943,6
3944,3
3945,1
3946,6
3947,7
3948,3
3949,2
3950,1
3951,5
3952,3
3953,7
3954,5
3955,4
3956,0
3957,3
3958,7
3959,2
3960,0
3961,0
3962,9
3963,8
3964,4
3965,6
3966,7
3967,2
3968,8
3969,8
3970,1
3971,7
3972,6
3973,3
3974,0
3975,4
3976,6
3977,6
3978,6
3979,4
3980,4
3981,6
3982,0
3983,2
3984,4
3985,5
3986,7
3987,9
3988,7
3989,7
3990,5
3991,5
3992,3
3993,2
3994,6
3995,3
3996,9
3997,0
3998,2
3999,9
4000,0
4001,7
4002,5
4003,0
4004,3
4005,6
4006,1
4007,2
4008,1
4009,0
4010,7
4011,8
4012,7
4013,5
4014,9
4015,1
4016,7
4017,7
4018,9
4019,5
4020,1
4021,8
4022,1
4023,6
4024,8
4025,5
4026,3
4027,7
4028,8
4029,3
4030,1
4031,2
4032,8
4033,9
4034,4
4035,4
4036,8
4037,7
4038,6
4039,1
4040,0
4041,0
4042,3
4043,7
4044,9
4045,0
4046,2
4047,0
4048,1
4049,1
4050,7
4051,1
4052,6
4053,1
4054,4
4055,6
4056,1
4057,7
4058,0
4059,1
4060,7
4061,8
4062,3
4063,3
4064,3
4065,2
4066,1
4067,6
4068,0
4069,2
4070,7
4071,4
4072,6
4073,5
4074,5
4075,8
4076,0
4077,0
4078,7
4079,5
4080,2
4081,0
4082,2
4083,7
4084,0
4085,9
4086,2
4087,2
4088,1
4089,0
4090,4
4091,2
4092,7
4093,4
4094,6
4095,7
4096,7
4097,2
4098,6
4099,8
4100,9
4101,9
4102,7
4103,1
4104,1
4105,5
4106,2
4107,7
4108,1
4109,3
4110,4
4111,6
4112,8
4113,1
4114,8
4115,6
4116,9
4117,0
4118,7
4119,8
4120,2
4121,1
4122,5
4123,9
4124,6
4125,8
4126,3
4127,9
4128,8
4129,9
4130,9
4131,8
4132,0
4133,0
4134,7
4135,7
4136,3
4137,9
4138,1
4139,0
4140,9
4141,1
4142,5
4143,3
4144,0
4145,2
4146,2
4147,1
4148,8
4149,3
4150,8
4151,3
4152,2
4153,8
4154,4
4155,8
4156,0
4157,4
4158,9
4159,6
4160,5
4161,4
4162,6
4163,3
4164,2
4165,1
4166,7
4167,9
4168,2
4169,7
4170,4
4171,2
4172,5
4173,5
4174,1
4175,9
4176,5
4177,8
4178,8
4179,9
4180,9
4181,2
4182,8
4183,1
4184,8
4185,3
4186,2
4187,8
4188,0
4189,0
4190,6
4191,2
4192,7
4193,7
4194,2
4195,3
4196,9
4197,6
4198,0
4199,1
4200,2
4201,6
4202,5
4203,2
4204,9
4205,2
4206,8
4207,1
4208,8
4209,4
4210,1
4211,8
4212,4
4213,5
4214,5
4215,4
4216,4
4217,9
4218,6
4219,6
4220,8
4221,5
4222,0
4223,0
4224,5
4225,7
4226,7
4227,3
4228,0
4229,9
4230,7
4231,0
4232,6
4233,3
4234,5
4235,7
4236,2
4237,6
4238,6
4239,8
4240,9
4241,9
4242,8
4243,9
4244,4
4245,7
4246,4
4247,6
4248,6
4249,0
4250,8
4251,0
4252,1
4253,4
4254,2
4255,6
4256,9
4257,8
4258,9
4259,5
4260,8
4261,2
4262,9
4263,2
4264,5
4265,7
4266,2
4267,0
4268,9
4269,7
4270,9
4271,5
4272,4
4273,6
4274,1
4275,1
4276,1
4277,0
4278,6
4279,5
4280,6
4281,1
4282,3
4283,6
4284,3
4285,9
4286,9
4287,0
4288,6
4289,3
4290,0
4291,4
4292,6
4293,4
4294,4
4295,4
4296,2
4297,9
4298,9
4299,4
4300,1
4301,9
4302,4
4303,4
4304,5
4305,5
4306,2
4307,1
4308,2
4309,0
4310,3
4311,0
4312,3
4313,3
4314,4
4315,3
4316,8
4317,7
4318,4
4319,7
4320,4
4321,5
4322,1
4323,5
4324,4
4325,8
4326,9
4327,1
4328,0
4329,9
4330,1
4331,3
4332,1
4333,2
4334,1
4335,4
4336,0
4337,2
4338,9
4339,3
4340,7
4341,6
4342,3
4343,8
4344,5
4345,6
4346,3
4347,8
4348,6
4349,8
4350,0
4351,8
4352,6
4353,1
4354,8
4355,5
4356,9
4357,7
4358,0
4359,6
4360,3
4361,7
4362,3
4363,4
4364,4
4365,6
4366,0
4367,3
4368,4
4369,6
4370,4
4371,3
4372,6
4373,6
4374,4
4375,5
4376,2
4377,7
4378,0
4379,3
4380,1
4381,7
4382,0
4383,1
4384,5
4385,1
4386,9
4387,9
4388,1
4389,0
4390,8
4391,9
4392,7
4393,5
4394,6
4395,9
4396,4
4397,8
4398,6
4399,4
4400,3
4401,3
4402,6
4403,1
4404,6
4405,9
4406,0
4407,4
4408,1
4409,6
4410,1
4411,1
4412,1
4413,8
4414,9
4415,1
4416,7
4417,9
4418,5
4419,2
4420,4
4421,3
4422,9
4423,6
4424,2
4425,7
4426,1
4427,7
4428,1
4429,3
4430,2
4431,7
4432,1
4433,7
4434,1
4435,1
4436,2
4437,3
4438,5
4439,7
4440,5
4441,4
4442,8
4443,2
4444,4
4445,8
4446,3
4447,0
4448,1
4449,3
4450,7
4451,1
4452,1
4453,0
4454,8
4455,2
4456,1
4457,1
4458,1
4459,6
4460,4
4461,5
4462,9
4463,8
4464,1
4465,6
4466,0
4467,4
4468,3
4469,5
4470,0
4471,6
4472,5
4473,7
4474,3
4475,3
4476,9
4477,3
4478,1
4479,3
4480,6
4481,6
4482,5
4483,8
4484,3
4485,5
4486,9
4487,2
4488,6
4489,6
4490,8
4491,7
4492,5
4493,3
4494,7
4495,7
4496,6
4497,0
4498,3
4499,8
4500,9
4501,3
4502,2
4503,0
4504,0
4505,6
4506,5
4507,5
4508,8
4509,5
4510,0
4511,3
4512,6
4513,0
4514,4
4515,6
4516,6
4517,2
4518,1
4519,9
4520,8
4521,2
4522,1
4523,0
4524,7
4525,7
4526,3
4527,8
4528,4
4529,9
4530,0
4531,4
4532,6
4533,3
4534,9
4535,3
4536,5
4537,1
4538,4
4539,5
4540,6
4541,6
4542,2
4543,5
4544,3
4545,4
4546,6
4547,0
4548,7
4549,2
4550,5
4551,9
4552,8
4553,0
4554,0
4555,4
4556,8
4557,7
4558,7
4559,8
4560,7
4561,4
4562,9
4563,1
4564,9
4565,8
4566,1
4567,7
4568,6
4569,5
4570,3
4571,0
4572,2
4573,3
4574,1
4575,3
4576,1
4577,6
4578,2
4579,5
4580,1
4581,0
4582,5
4583,1
4584,9
4585,7
4586,6
4587,9
4588,5
4589,7
4590,7
4591,6
4592,8
4593,7
4594,9
4595,7
4596,3
4597,9
4598,5
4599,7
4600,3
4601,3
4602,8
4603,6
4604,7
4605,6
4606,6
4607,5
4608,7
4609,8
4610,4
4611,6
4612,3
4613,3
4614,9
4615,5
4616,9
4617,9
4618,1
4619,7
4620,6
4621,8
4622,0
4623,2
4624,3
4625,8
4626,7
4627,1
4628,8
4629,3
4630,9
4631,2
4632,7
4633,9
4634,4
4635,3
4636,5
4637,8
4638,6
4639,0
4640,3
4641,2
4642,5
4643,2
4644,0
4645,2
4646,8
4647,2
4648,8
4649,0
4650,7
4651,8
4652,9
4653,7
4654,7
4655,5
4656,9
4657,6
4658,8
4659,9
4660,8
4661,0
4662,7
4663,4
4664,1
4665,9
4666,1
4667,3
4668,5
4669,2
4670,4
4671,8
4672,4
4673,2
4674,5
4675,7
4676,7
4677,5
4678,3
4679,5
4680,4
4681,5
4682,2
4683,9
4684,6
4685,7
4686,2
4687,9
4688,4
4689,6
4690,9
4691,0
4692,5
4693,8
4694,6
4695,2
4696,7
4697,0
4698,7
4699,8
4700,0
4701,3
4702,0
4703,5
4704,7
4705,5
4706,7
4707,6
4708,0
4709,8
4710,1
4711,6
4712,8
4713,6
4714,3
4715,6
4716,6
4717,2
4718,8
4719,7
4720,5
4721,8
4722,1
4723,9
4724,2
4725,3
4726,5
4727,4
4728,3
4729,1
4730,7
4731,0
4732,3
4733,4
4734,9
4735,5
4736,6
4737,8
4738,4
4739,9
4740,1
4741,9
4742,0
4743,1
4744,0
4745,7
4746,5
4747,3
4748,5
4749,5
4750,3
4751,5
4752,5
4753,2
4754,3
4755,5
4756,5
4757,1
4758,4
4759,3
4760,4
4761,4
4762,4
4763,2
4764,5
4765,4
4766,4
4767,9
4768,3
4769,7
4770,9
4771,9
4772,9
4773,2
4774,6
4775,6
4776,4
4777,8
4778,6
4779,3
4780,1
4781,4
4782,0
4783,7
4784,4
4785,7
4786,5
4787,3
4788,0
4789,6
4790,6
4791,0
4792,1
4793,1
4794,5
4795,1
4796,7
4797,9
4798,2
4799,3
4800,6
4801,7
4802,4
4803,1
4804,0
4805,3
4806,6
4807,0
4808,7
4809,1
4810,7
4811,0
4812,7
4813,0
4814,3
4815,9
4816,6
4817,8
4818,6
4819,8
4820,4
4821,1
4822,3
4823,8
4824,2
4825,0
4826,3
4827,1
4828,5
4829,9
4830,6
4831,6
4832,1
4833,7
4834,2
4835,9
4836,6
4837,7
4838,2
4839,8
4840,6
4841,0
4842,2
4843,0
4844,5
4845,4
4846,4
4847,3
4848,1
4849,7
4850,3
4851,7
4852,2
4853,5
4854,5
4855,9
4856,4
4857,4
4858,5
4859,9
4860,7
4861,2
4862,7
4863,4
4864,9
4865,9
4866,5
4867,1
4868,2
4869,7
4870,9
4871,9
4872,4
4873,1
4874,7
4875,1
4876,7
4877,6
4878,4
4879,8
4880,9
4881,5
4882,3
4883,1
4884,3
4885,5
4886,4
4887,7
4888,7
4889,7
4890,5
4891,6
4892,1
4893,7
4894,2
4895,2
4896,2
4897,3
4898,4
4899,8
4900,4
4901,7
4902,8
4903,4
4904,1
4905,4
4906,2
4907,8
4908,6
4909,0
4910,1
4911,5
4912,5
4913,8
4914,9
4915,1
4916,4
4917,2
4918,6
4919,2
4920,3
4921,8
4922,4
4923,3
4924,1
4925,4
4926,9
4927,4
4928,9
4929,6
4930,6
4931,6
4932,0
4933,1
4934,7
4935,8
4936,4
4937,7
4938,8
4939,6
4940,9
4941,9
4942,3
4943,3
4944,9
4945,8
4946,0
4947,4
4948,7
4949,3
4950,2
4951,6
4952,1
4953,0
4954,2
4955,2
4956,9
4957,5
4958,8
4959,9
4960,9
4961,4
4962,9
4963,2
4964,4
4965,5
4966,3
4967,8
4968,0
4969,2
4970,9
4971,1
4972,6
4973,7
4974,3
4975,4
4976,3
4977,4
4978,8
4979,4
4980,4
4981,4
4982,5
4983,4
4984,9
4985,7
4986,6
4987,2
4988,8
4989,9
4990,6
4991,9
4992,0
4993,6
4994,5
4995,0
4996,9
4997,1
4998,0
4999,0
5000,8
5001,1
5002,3
5003,3
5004,2
5005,7
5006,0
5007,6
5008,2
5009,0
5010,5
5011,6
5012,1
5013,5
5014,6
5015,3
5016,6
5017,3
5018,5
5019,1
5020,1
5021,6
5022,7
5023,0
5024,0
5025,6
5026,1
5027,1
5028,0
5029,1
5030,1
5031,1
5032,9
5033,3
5034,3
5035,3
5036,8
5037,1
5038,9
5039,4
5040,1
5041,9
5042,9
5043,4
5044,0
5045,4
5046,9
5047,8
5048,0
5049,2
5050,5
5051,9
5052,1
5053,4
5054,4
5055,9
5056,9
5057,9
5058,9
5059,4
5060,6
5061,6
5062,5
5063,6
5064,3
5065,5
5066,3
5067,7
5068,4
5069,7
5070,9
5071,5
5072,0
5073,2
5074,1
5075,7
5076,0
5077,3
5078,2
5079,6
5080,8
5081,5
5082,6
5083,2
5084,4
5085,4
5086,3
5087,0
5088,0
5089,7
5090,4
5091,7
5092,6
5093,9
5094,3
5095,4
5096,9
5097,3
5098,5
5099,8
5100,9
5101,3
5102,4
5103,8
5104,9
5105,9
5106,9
5107,7
5108,5
5109,7
5110,1
5111,9
5112,8
5113,0
5114,3
5115,3
5116,1
5117,2
5118,9
5119,4
5120,1
5121,9
5122,2
5123,0
5124,9
5125,2
5126,9
5127,3
5128,6
5129,2
5130,8
5131,7
5132,3
5133,7
5134,0
5135,2
5136,5
5137,3
5138,7
5139,3
5140,7
5141,1
5142,2
5143,3
5144,1
5145,2
5146,0
5147,8
5148,5
5149,5
5150,3
5151,9
5152,6
5153,6
5154,6
5155,7
5156,7
5157,5
5158,5
5159,9
5160,2
5161,9
5162,6
5163,5
5164,3
5165,5
5166,3
5167,3
5168,4
5169,4
5170,3
5171,0
5172,1
5173,6
5174,1
5175,1
5176,2
5177,0
5178,0
5179,8
5180,3
5181,8
5182,3
5183,1
5184,5
5185,9
5186,1
5187,4
5188,7
5189,7
5190,7
5191,3
5192,3
5193,2
5194,4
5195,4
5196,7
5197,0
5198,7
5199,6
5200,7
5201,1
5202,9
5203,2
5204,1
5205,8
5206,6
5207,5
5208,6
5209,3
5210,7
5211,7
5212,3
5213,0
5214,1
5215,8
5216,2
5217,4
5218,3
5219,5
5220,7
5221,2
5222,0
5223,0
5224,3
5225,7
5226,0
5227,9
5228,3
5229,1
5230,7
5231,2
5232,2
5233,4
5234,9
5235,0
5236,0
5237,0
5238,8
5239,3
5240,0
5241,2
5242,1
5243,3
5244,2
5245,9
5246,6
5247,1
5248,3
5249,1
5250,0
5251,1
5252,3
5253,3
5254,6
5255,7
5256,1
5257,2
5258,2
5259,2
5260,7
5261,3
5262,6
5263,3
5264,1
5265,3
5266,0
5267,9
5268,2
5269,7
5270,8
5271,5
5272,0
5273,0
5274,3
5275,5
5276,3
5277,7
5278,7
5279,4
5280,7
5281,8
5282,3
5283,5
5284,5
5285,4
5286,1
5287,9
5288,6
5289,5
5290,9
5291,0
5292,1
5293,1
5294,5
5295,9
5296,1
5297,3
5298,2
5299,0
5300,9
5301,1
5302,3
5303,9
5304,0
5305,5
5306,9
5307,5
5308,4
5309,7
5310,3
5311,3
5312,8
5313,4
5314,5
5315,9
5316,1
5317,0
5318,8
5319,5
5320,5
5321,1
5322,3
5323,0
5324,3
5325,2
5326,8
5327,1
5328,3
5329,2
5330,2
5331,2
5332,3
5333,3
5334,7
5335,7
5336,5
5337,4
5338,8
5339,1
5340,6
5341,1
5342,0
5343,3
5344,2
5345,6
5346,2
5347,8
5348,5
5349,7
5350,7
5351,3
5352,1
5353,4
5354,0
5355,9
5356,7
5357,4
5358,7
5359,1
5360,7
5361,2
5362,3
5363,3
5364,2
5365,3
5366,3
5367,1
5368,5
5369,2
5370,7
5371,9
5372,0
5373,1
5374,3
5375,0
5376,0
5377,6
5378,6
5379,0
5380,7
5381,0
5382,0
5383,3
5384,6
5385,0
5386,4
5387,9
5388,1
5389,4
5390,6
5391,9
5392,9
5393,3
5394,8
5395,9
5396,6
5397,9
5398,8
5399,1
5400,1
5401,9
5402,9
5403,0
5404,5
5405,1
5406,3
5407,0
5408,4
5409,0
5410,2
5411,1
5412,1
5413,7
5414,4
5415,2
5416,0
5417,3
5418,2
5419,7
5420,4
5421,0
5422,8
5423,7
5424,4
5425,5
5426,1
5427,6
5428,3
5429,1
5430,7
5431,6
5432,1
5433,0
5434,6
5435,7
5436,5
5437,9
5438,5
5439,1
5440,8
5441,0
5442,0
5443,0
5444,8
5445,4
5446,1
5447,8
5448,9
5449,9
5450,7
5451,8
5452,8
5453,8
5454,1
5455,0
5456,5
5457,3
5458,6
5459,9
5460,4
5461,0
5462,7
5463,0
5464,9
5465,1
5466,8
5467,3
5468,6
5469,1
5470,4
5471,4
5472,0
5473,2
5474,0
5475,6
5476,0
5477,2
5478,6
5479,2
5480,8
5481,1
5482,8
5483,1
5484,4
5485,1
5486,0
5487,1
5488,2
5489,6
5490,1
5491,0
5492,3
5493,5
5494,6
5495,0
5496,1
5497,3
5498,0
5499,1
5500,4
5501,9
5502,4
5503,4
5504,0
5505,3
5506,2
5507,5
5508,0
5509,5
5510,2
5511,8
5512,7
5513,8
5514,7
5515,9
5516,8
5517,3
5518,1
5519,1
5520,5
5521,4
5522,3
5523,6
5524,2
5525,4
5526,9
5527,8
5528,8
5529,0
5530,5
5531,6
5532,6
5533,1
5534,4
5535,2
5536,8
5537,5
5538,3
5539,2
5540,3
5541,4
5542,9
5543,2
5544,5
5545,5
5546,1
5547,9
5548,5
5549,4
5550,5
5551,9
5552,1
5553,4
5554,1
5555,7
5556,3
5557,0
5558,6
5559,0
5560,0
5561,2
5562,4
5563,4
5564,1
5565,6
5566,4
5567,8
5568,8
5569,7
5570,3
5571,9
5572,5
5573,7
5574,5
5575,9
5576,9
5577,8
5578,2
5579,3
5580,6
5581,2
5582,9
5583,8
5584,1
5585,6
5586,2
5587,1
5588,6
5589,8
5590,1
5591,4
5592,1
5593,7
5594,7
5595,8
5596,0
5597,9
5598,1
5599,9
5600,0
5601,5
5602,8
5603,7
5604,6
5605,2
5606,5
5607,1
5608,1
5609,6
5610,0
5611,4
5612,0
5613,7
5614,9
5615,0
5616,9
5617,0
5618,8
5619,2
5620,0
5621,7
5622,8
5623,8
5624,5
5625,3
5626,9
5627,5
5628,0
5629,7
5630,0
5631,7
5632,8
5633,8
5634,4
5635,3
5636,0
5637,2
5638,0
5639,8
5640,7
5641,1
5642,9
5643,2
5644,8
5645,3
5646,1
5647,6
5648,6
5649,7
5650,6
5651,4
5652,5
5653,1
5654,1
5655,3
5656,2
5657,4
5658,5
5659,9
5660,5
5661,2
5662,6
5663,7
5664,0
5665,6
5666,3
5667,3
5668,6
5669,7
5670,8
5671,1
5672,1
5673,4
5674,4
5675,3
5676,6
5677,2
5678,7
5679,5
5680,9
5681,2
5682,3
5683,8
5684,1
5685,5
5686,0
5687,0
5688,1
5689,7
5690,9
5691,1
5692,5
5693,8
5694,4
5695,2
5696,9
5697,4
5698,4
5699,9
5700,1
5701,5
5702,4
5703,9
5704,9
5705,5
5706,1
5707,4
5708,0
5709,0
5710,7
5711,9
5712,9
5713,6
5714,4
5715,4
5716,3
5717,9
5718,2
5719,0
5720,6
5721,8
5722,2
5723,3
5724,2
5725,5
5726,7
5727,5
5728,5
5729,1
5730,1
5731,3
5732,3
5733,9
5734,2
5735,1
5736,0
5737,8
5738,3
5739,2
5740,4
5741,7
5742,9
5743,6
5744,3
5745,0
5746,6
5747,9
5748,2
5749,7
5750,2
5751,9
5752,9
5753,3
5754,4
5755,8
5756,4
5757,0
5758,1
5759,1
5760,8
5761,9
5762,3
5763,6
5764,8
5765,7
5766,6
5767,1
5768,9
5769,2
5770,1
5771,2
5772,0
5773,4
5774,6
5775,3
5776,4
5777,2
5778,8
5779,4
5780,8
5781,1
5782,0
5783,4
5784,2
5785,1
5786,6
5787,4
5788,7
5789,9
5790,5
5791,4
5792,5
5793,4
5794,3
5795,2
5796,0
5797,9
5798,5
5799,9
5800,9
5801,0
5802,2
5803,8
5804,4
5805,7
5806,2
5807,3
5808,9
5809,5
5810,0
5811,4
5812,2
5813,4
5814,9
5815,6
5816,5
5817,4
5818,2
5819,8
5820,7
5821,8
5822,1
5823,8
5824,5
5825,7
5826,2
5827,0
5828,8
5829,6
5830,6
5831,7
5832,6
5833,3
5834,4
5835,1
5836,2
5837,2
5838,9
5839,8
5840,3
5841,4
5842,6
5843,4
5844,3
5845,1
5846,5
5847,9
5848,7
5849,3
5850,7
5851,8
5852,1
5853,7
5854,4
5855,9
5856,2
5857,9
5858,1
5859,8
5860,9
5861,4
5862,9
5863,9
5864,1
5865,4
5866,5
5867,8
5868,1
5869,4
5870,3
5871,7
5872,9
5873,1
5874,1
5875,1
5876,3
5877,4
5878,5
5879,5
5880,6
5881,0
5882,2
5883,1
5884,4
5885,4
5886,0
5887,3
5888,6
5889,2
5890,8
5891,6
5892,3
5893,0
5894,5
5895,4
5896,2
5897,5
5898,2
5899,1
5900,9
5901,6
5902,5
5903,7
5904,2
5905,9
5906,7
5907,9
5908,4
5909,5
5910,8
5911,7
5912,0
5913,8
5914,4
5915,2
5916,8
5917,2
5918,6
5919,7
5920,8
5921,2
5922,5
5923,8
5924,0
5925,1
5926,6
5927,9
5928,7
5929,3
5930,9
5931,7
5932,1
5933,2
5934,7
5935,2
5936,7
5937,0
5938,5
5939,2
5940,7
5941,4
5942,8
5943,4
5944,8
5945,6
5946,7
5947,3
5948,2
5949,1
5950,8
5951,4
5952,6
5953,0
5954,6
5955,8
5956,7
5957,3
5958,5
5959,3
5960,0
5961,9
5962,1
5963,1
5964,7
5965,7
5966,9
5967,0
5968,1
5969,0
5970,0
5971,8
5972,0
5973,3
5974,7
5975,3
5976,7
5977,8
5978,4
5979,8
5980,9
5981,0
5982,0
5983,8
5984,3
5985,1
5986,6
5987,0
5988,1
5989,6
5990,1
5991,5
5992,1
5993,1
5994,0
5995,2
5996,9
5997,3
5998,0
5999,5
6000,1
6001,7
6002,9
6003,3
6004,8
6005,2
6006,0
6007,0
6008,8
6009,9
6010,4
6011,6
6012,4
6013,4
6014,4
6015,0
6016,1
6017,3
6018,3
6019,2
6020,6
6021,5
6022,7
6023,2
6024,0
6025,6
6026,1
6027,6
6028,2
6029,9
6030,5
6031,9
6032,3
6033,9
6034,7
6035,3
6036,3
6037,9
6038,3
6039,4
6040,3
6041,8
6042,6
6043,8
6044,7
6045,8
6046,6
6047,6
6048,2
6049,4
6050,1
6051,8
6052,6
6053,3
6054,0
6055,7
6056,5
6057,6
6058,5
6059,7
6060,1
6061,1
6062,0
6063,8
6064,6
6065,2
6066,6
6067,8
6068,2
6069,4
6070,5
6071,4
6072,4
6073,5
6074,7
6075,1
6076,1
6077,7
6078,0
6079,7
6080,5
6081,0
6082,1
6083,2
6084,2
6085,3
6086,1
6087,1
6088,5
6089,6
6090,2
6091,2
6092,6
6093,1
6094,5
6095,8
6096,2
6097,8
6098,4
6099,4
6100,9
6101,3
6102,2
6103,8
6104,1
6105,2
6106,7
6107,6
6108,6
6109,4
6110,1
6111,2
6112,2
6113,8
6114,8
6115,7
6116,3
6117,5
6118,9
6119,3
6120,1
6121,3
6122,6
6123,3
6124,7
6125,7
6126,3
6127,7
6128,5
6129,2
6130,1
6131,5
6132,8
6133,2
6134,4
6135,0
6136,6
6137,8
6138,5
6139,9
6140,9
6141,9
6142,3
6143,1
6144,1
6145,8
6146,8
6147,0
6148,9
6149,4
6150,5
6151,3
6152,2
6153,6
6154,1
6155,4
6156,5
6157,1
6158,7
6159,5
6160,8
6161,7
6162,2
6163,9
6164,8
6165,0
6166,3
6167,8
6168,6
6169,3
6170,0
6171,3
6172,6
6173,3
6174,7
6175,5
6176,7
6177,7
6178,8
6179,2
6180,1
6181,8
6182,0
6183,8
6184,7
6185,0
6186,0
6187,6
6188,1
6189,5
6190,9
6191,6
6192,6
6193,3
6194,2
6195,3
6196,9
6197,4
6198,6
6199,3
6200,5
6201,9
6202,2
6203,6
6204,8
6205,3
6206,7
6207,1
6208,5
6209,1
6210,7
6211,5
6212,3
6213,9
6214,4
6215,9
6216,8
6217,8
6218,5
6219,1
6220,0
6221,5
6222,7
6223,3
6224,8
6225,8
6226,6
6227,5
6228,2
6229,2
6230,4
6231,0
6232,0
6233,4
6234,7
6235,3
6236,3
6237,5
6238,3
6239,6
6240,4
6241,5
6242,5
6243,4
6244,8
6245,1
6246,1
6247,7
6248,7
6249,4
6250,9
6251,5
6252,4
6253,3
6254,7
6255,8
6256,8
6257,2
6258,6
6259,4
6260,6
6261,5
6262,9
6263,1
6264,1
6265,9
6266,6
6267,1
6268,5
6269,4
6270,3
6271,7
6272,4
6273,9
6274,0
6275,1
6276,9
6277,7
6278,8
6279,1
6280,2
6281,6
6282,4
6283,3
6284,0
6285,8
6286,1
6287,5
6288,0
6289,7
6290,0
6291,0
6292,9
6293,3
6294,3
6295,0
6296,0
6297,4
6298,4
6299,1
6300,3
6301,6
6302,4
6303,9
6304,9
6305,8
6306,1
6307,5
6308,4
6309,2
6310,2
6311,9
6312,8
6313,2
6314,5
6315,5
6316,7
6317,2
6318,9
6319,1
6320,0
6321,2
6322,7
6323,3
6324,8
6325,0
6326,2
6327,6
6328,9
6329,7
6330,6
6331,2
6332,0
6333,3
6334,9
6335,6
6336,3
6337,3
6338,3
6339,7
6340,1
6341,7
6342,0
6343,5
6344,6
6345,8
6346,4
6347,0
6348,6
6349,2
6350,2
6351,0
6352,8
6353,3
6354,6
6355,6
6356,7
6357,8
6358,3
6359,8
6360,7
6361,0
6362,7
6363,3
6364,1
6365,3
6366,1
6367,5
6368,3
6369,9
6370,5
6371,7
6372,2
6373,0
6374,7
6375,9
6376,9
6377,9
6378,2
6379,2
6380,0
6381,8
6382,8
6383,9
6384,1
6385,5
6386,0
6387,3
6388,2
6389,8
6390,4
6391,9
6392,6
6393,8
6394,4
6395,8
6396,3
6397,5
6398,8
6399,8
6400,5
6401,6
6402,0
6403,0
6404,8
6405,4
6406,2
6407,7
6408,2
6409,1
6410,8
6411,0
6412,3
6413,7
6414,3
6415,2
6416,5
6417,7
6418,5
6419,5
6420,8
6421,1
6422,5
6423,5
6424,3
6425,4
6426,4
6427,7
6428,9
6429,1
6430,5
6431,3
6432,3
6433,8
6434,2
6435,3
6436,7
6437,0
6438,6
6439,6
6440,7
6441,2
6442,3
6443,5
6444,3
6445,9
6446,8
6447,0
6448,3
6449,6
6450,1
6451,6
6452,4
6453,1
6454,9
6455,9
6456,1
6457,2
6458,1
6459,6
6460,3
6461,7
6462,6
6463,3
6464,7
6465,1
6466,1
6467,7
6468,6
6469,0
6470,2
6471,2
6472,2
6473,7
6474,8
6475,0
6476,2
6477,5
6478,8
6479,3
6480,2
6481,7
6482,8
6483,9
6484,0
6485,6
6486,4
6487,9
6488,2
6489,2
6490,1
6491,7
6492,8
6493,8
6494,7
6495,3
6496,2
6497,5
6498,2
6499,4
6500,8
6501,7
6502,1
6503,3
6504,2
6505,4
6506,0
6507,6
6508,3
6509,7
6510,6
6511,2
6512,4
6513,3
6514,2
6515,3
6516,1
6517,8
6518,2
6519,4
6520,4
6521,8
6522,3
6523,2
6524,4
6525,7
6526,0
6527,6
6528,2
6529,6
6530,7
6531,2
6532,7
6533,0
6534,0
6535,2
6536,2
6537,1
6538,1
6539,5
6540,3
6541,0
6542,7
6543,9
6544,7
6545,6
6546,3
6547,4
6548,2
6549,1
6550,0
6551,3
6552,8
6553,1
6554,6
6555,6
6556,5
6557,9
6558,0
6559,4
6560,2
6561,7
6562,8
6563,7
6564,6
6565,8
6566,4
6567,3
6568,5
6569,5
6570,8
6571,2
6572,0
6573,3
6574,4
6575,1
6576,9
6577,8
6578,7
6579,3
6580,4
6581,4
6582,0
6583,5
6584,3
6585,1
6586,8
6587,5
6588,2
6589,0
6590,8
6591,1
6592,7
6593,5
6594,8
6595,2
6596,6
6597,3
6598,9
6599,7
6600,1
6601,2
6602,8
6603,9
6604,7
6605,7
6606,3
6607,7
6608,0
6609,6
6610,7
6611,3
6612,7
6613,4
6614,4
6615,7
6616,6
6617,1
6618,5
6619,6
6620,0
6621,7
6622,4
6623,1
6624,4
6625,0
6626,1
6627,7
6628,4
6629,5
6630,9
6631,3
6632,6
6633,8
6634,0
6635,3
6636,6
6637,5
6638,0
6639,1
6640,7
6641,7
6642,9
6643,8
6644,7
6645,0
6646,0
6647,1
6648,3
6649,6
6650,3
6651,3
6652,5
6653,4
6654,0
6655,6
6656,2
6657,7
6658,7
6659,2
6660,6
6661,2
6662,9
6663,4
6664,0
6665,2
6666,4
6667,2
6668,1
6669,4
6670,1
6671,1
6672,2
6673,3
6674,0
6675,3
6676,9
6677,0
6678,4
6679,1
6680,6
6681,1
6682,2
6683,1
6684,2
6685,4
6686,3
6687,3
6688,2
6689,4
6690,8
6691,4
6692,3
6693,1
6694,4
6695,3
6696,8
6697,3
6698,9
6699,5
6700,4
6701,1
6702,5
6703,5
6704,6
6705,5
6706,0
6707,9
6708,1
6709,0
6710,0
6711,8
6712,9
6713,1
6714,9
6715,1
6716,4
6717,2
6718,0
6719,2
6720,2
6721,7
6722,4
6723,5
6724,5
6725,3
6726,0
6727,8
6728,4
6729,0
6730,1
6731,6
6732,2
6733,6
6734,7
6735,2
6736,9
6737,9
6738,1
6739,5
6740,5
6741,4
6742,7
6743,3
6744,5
6745,4
6746,2
6747,0
6748,8
6749,0
6750,3
6751,8
6752,6
6753,7
6754,7
6755,1
6756,7
6757,8
6758,7
6759,8
6760,5
6761,4
6762,3
6763,6
6764,3
6765,3
6766,9
6767,0
6768,1
6769,8
6770,5
6771,4
6772,7
6773,5
6774,3
6775,4
6776,6
6777,1
6778,7
6779,1
6780,6
6781,1
6782,1
6783,2
6784,7
6785,2
6786,8
6787,2
6788,0
6789,4
6790,7
6791,1
6792,2
6793,7
6794,3
6795,8
6796,7
6797,2
6798,7
6799,6
6800,1
6801,8
6802,0
6803,7
6804,9
6805,6
6806,2
6807,4
6808,5
6809,5
6810,7
6811,9
6812,8
6813,1
6814,7
6815,6
6816,0
6817,6
6818,2
6819,4
6820,6
6821,2
6822,6
6823,2
6824,9
6825,5
6826,8
6827,8
6828,5
6829,5
6830,8
6831,8
6832,8
6833,0
6834,8
6835,5
6836,3
6837,4
6838,8
6839,9
6840,1
6841,2
6842,3
6843,4
6844,8
6845,1
6846,9
6847,2
6848,5
6849,3
6850,7
6851,7
6852,8
6853,7
6854,3
6855,0
6856,7
6857,8
6858,2
6859,9
6860,2
6861,4
6862,9
6863,7
6864,6
6865,2
6866,1
6867,3
6868,1
6869,9
6870,8
6871,9
6872,5
6873,5
6874,2
6875,0
6876,5
6877,4
6878,3
6879,0
6880,5
6881,9
6882,7
6883,0
6884,6
6885,7
6886,3
6887,1
6888,1
6889,4
6890,6
6891,7
6892,2
6893,9
6894,2
6895,9
6896,8
6897,0
6898,1
6899,9
6900,3
6901,3
6902,6
6903,0
6904,7
6905,5
6906,6
6907,5
6908,5
6909,9
6910,0
6911,8
6912,5
6913,0
6914,2
6915,7
6916,9
6917,2
6918,9
6919,4
6920,3
6921,5
6922,5
6923,9
6924,6
6925,0
6926,3
6927,6
6928,5
6929,8
6930,0
6931,2
6932,7
6933,3
6934,1
6935,3
6936,8
6937,1
6938,6
6939,7
6940,1
6941,4
6942,0
6943,8
6944,3
6945,0
6946,9
6947,1
6948,8
6949,0
6950,2
6951,8
6952,8
6953,1
6954,1
6955,1
6956,6
6957,7
6958,3
6959,6
6960,0
6961,2
6962,2
6963,9
6964,3
6965,7
6966,8
6967,6
6968,3
6969,1
6970,2
6971,6
6972,1
6973,1
6974,0
6975,5
6976,1
6977,6
6978,6
6979,0
6980,6
6981,4
6982,7
6983,7
6984,1
6985,1
6986,9
6987,0
6988,8
6989,1
6990,7
6991,0
6992,6
6993,3
6994,1
6995,8
6996,2
6997,8
6998,9
6999,1
7000,2
7001,2
7002,3
7003,4
7004,6
7005,2
7006,1
7007,0
7008,0
7009,8
7010,3
7011,6
7012,9
7013,4
7014,9
7015,2
7016,4
7017,5
7018,9
7019,5
7020,8
7021,7
7022,7
7023,0
7024,3
7025,5
7026,2
7027,4
7028,6
7029,7
7030,5
7031,8
7032,6
7033,2
7034,1
7035,1
7036,7
7037,1
7038,3
7039,1
7040,6
7041,1
7042,0
7043,0
7044,3
7045,8
7046,0
7047,7
7048,4
7049,2
7050,2
7051,3
7052,6
7053,4
7054,6
7055,8
7056,0
7057,3
7058,7
7059,2
7060,9
7061,1
7062,9
7063,8
7064,9
7065,5
7066,2
7067,6
7068,0
7069,0
7070,3
7071,2
7072,0
7073,8
7074,5
7075,7
7076,7
7077,8
7078,3
7079,0
7080,1
7081,3
7082,3
7083,6
7084,7
7085,3
7086,8
7087,3
7088,1
7089,1
7090,5
7091,6
7092,8
7093,2
7094,2
7095,8
7096,7
7097,6
7098,9
7099,5
7100,9
7101,6
7102,2
7103,4
7104,3
7105,8
7106,1
7107,0
7108,5
7109,9
7110,3
7111,2
7112,3
7113,9
7114,1
7115,8
7116,7
7117,0
7118,9
7119,4
7120,7
7121,6
7122,5
7123,0
7124,4
7125,2
7126,8
7127,6
7128,6
7129,9
7130,9
7131,8
7132,2
7133,0
7134,4
7135,0
7136,1
7137,9
7138,8
7139,8
7140,7
7141,0
7142,9
7143,1
7144,9
7145,0
7146,2
7147,6
7148,8
7149,0
7150,0
7151,5
7152,8
7153,3
7154,5
7155,8
7156,9
7157,3
7158,1
7159,3
7160,6
7161,4
7162,5
7163,5
7164,3
7165,4
7166,8
7167,9
7168,9
7169,2
7170,6
7171,8
7172,7
7173,9
7174,6
7175,5
7176,6
7177,9
7178,3
7179,8
7180,8
7181,6
7182,7
7183,4
7184,3
7185,8
7186,3
7187,8
7188,0
7189,4
7190,1
7191,8
7192,1
7193,8
7194,9
7195,9
7196,7
7197,9
7198,8
7199,6
7200,5
7201,6
7202,7
7203,3
7204,7
7205,9
7206,5
7207,2
7208,9
7209,0
7210,4
7211,8
7212,3
7213,1
7214,0
7215,9
7216,5
7217,8
7218,6
7219,9
7220,3
7221,8
7222,5
7223,0
7224,5
7225,0
7226,5
7227,2
7228,2
7229,5
7230,5
7231,7
7232,7
7233,6
7234,3
7235,1
7236,5
7237,6
7238,5
7239,9
7240,6
7241,8
7242,5
7243,0
7244,1
7245,4
7246,3
7247,3
7248,5
7249,9
7250,1
7251,0
7252,8
7253,0
7254,7
7255,3
7256,8
7257,4
7258,6
7259,4
7260,0
7261,8
7262,7
7263,1
7264,5
7265,6
7266,4
7267,8
7268,9
7269,5
7270,7
7271,6
7272,8
7273,2
7274,8
7275,5
7276,5
7277,9
7278,7
7279,4
7280,4
7281,8
7282,8
7283,8
7284,9
7285,3
7286,2
7287,0
7288,7
7289,6
7290,5
7291,7
7292,6
7293,9
7294,7
7295,9
7296,7
7297,5
7298,7
7299,0
7300,3
7301,9
7302,6
7303,8
7304,8
7305,1
7306,3
7307,4
7308,4
7309,5
7310,7
7311,1
7312,1
7313,8
7314,0
7315,7
7316,4
7317,6
7318,7
7319,4
7320,6
7321,0
7322,7
7323,6
7324,8
7325,1
7326,4
7327,2
7328,9
7329,3
7330,2
7331,9
7332,9
7333,1
7334,3
7335,5
7336,0
7337,1
7338,9
7339,5
7340,0
7341,4
7342,0
7343,7
7344,1
7345,3
7346,6
7347,2
7348,7
7349,0
7350,5
7351,8
7352,7
7353,3
7354,7
7355,3
7356,9
7357,7
7358,5
7359,8
7360,3
7361,4
7362,8
7363,2
7364,3
7365,4
7366,7
7367,8
7368,3
7369,9
7370,7
7371,2
7372,5
7373,8
7374,7
7375,4
7376,6
7377,6
7378,1
7379,9
7380,6
7381,0
7382,3
7383,1
7384,5
7385,0
7386,6
7387,4
7388,9
7389,0
7390,2
7391,9
7392,7
7393,3
7394,7
7395,8
7396,3
7397,1
7398,0
7399,4
7400,2
7401,7
7402,9
7403,6
7404,2
7405,7
7406,5
7407,4
7408,3
7409,0
7410,9
7411,0
7412,4
7413,0
7414,2
7415,4
7416,5
7417,5
7418,1
7419,5
7420,6
7421,1
7422,5
7423,1
7424,1
7425,5
7426,6
7427,9
7428,3
7429,8
7430,1
7431,7
7432,3
7433,1
7434,3
7435,7
7436,2
7437,2
7438,3
7439,9
7440,4
7441,6
7442,1
7443,3
7444,9
7445,3
7446,3
7447,7
7448,0
7449,4
7450,4
7451,0
7452,7
7453,0
7454,4
7455,2
7456,9
7457,0
7458,0
7459,4
7460,8
7461,8
7462,9
7463,7
7464,2
7465,5
7466,7
7467,6
7468,3
7469,6
7470,0
7471,3
7472,5
7473,2
7474,7
7475,1
7476,1
7477,2
7478,3
7479,2
7480,5
7481,4
7482,0
7483,2
7484,8
7485,6
7486,6
7487,0
7488,4
7489,5
7490,4
7491,5
7492,4
7493,9
7494,5
7495,1
7496,4
7497,9
7498,1
7499,1
7500,0
7501,7
7502,1
7503,4
7504,2
7505,8
7506,9
7507,2
7508,8
7509,6
7510,2
7511,9
7512,7
7513,7
7514,3
7515,7
7516,8
7517,9
7518,4
7519,5
7520,7
7521,3
7522,5
7523,7
7524,8
7525,4
7526,7
7527,2
7528,1
7529,1
7530,3
7531,7
7532,8
7533,8
7534,2
7535,1
7536,3
7537,7
7538,1
7539,5
7540,6
7541,4
7542,2
7543,8
7544,3
7545,2
7546,9
7547,6
7548,7
7549,8
7550,5
7551,7
7552,3
7553,5
7554,5
7555,4
7556,0
7557,4
7558,8
7559,6
7560,3
7561,3
7562,7
7563,1
7564,9
7565,3
7566,9
7567,5
7568,3
7569,0
7570,5
7571,5
7572,2
7573,7
7574,5
7575,5
7576,8
7577,6
7578,1
7579,7
7580,6
7581,7
7582,8
7583,6
7584,0
7585,4
7586,0
7587,4
7588,2
7589,2
7590,1
7591,0
7592,5
7593,2
7594,2
7595,3
7596,8
7597,3
7598,5
7599,6
7600,7
7601,1
7602,5
7603,6
7604,0
7605,2
7606,8
7607,0
7608,2
7609,8
7610,9
7611,3
7612,6
7613,8
7614,5
7615,3
7616,8
7617,3
7618,9
7619,7
7620,3
7621,0
7622,4
7623,4
7624,6
7625,7
7626,2
7627,2
7628,4
7629,9
7630,0
7631,2
7632,9
7633,3
7634,9
7635,6
7636,8
7637,9
7638,4
7639,4
7640,6
7641,7
7642,4
7643,4
7644,1
7645,8
7646,1
7647,7
7648,3
7649,9
7650,0
7651,2
7652,6
7653,6
7654,9
7655,8
7656,1
7657,8
7658,7
7659,4
7660,5
7661,0
7662,2
7663,7
7664,9
7665,5
7666,6
7667,8
7668,2
7669,8
7670,1
7671,5
7672,4
7673,0
7674,2
7675,8
7676,7
7677,8
7678,9
7679,9
7680,7
7681,6
7682,3
7683,0
7684,4
7685,1
7686,2
7687,1
7688,3
7689,3
7690,0
7691,2
7692,8
7693,6
7694,4
7695,9
7696,0
7697,7
7698,2
7699,6
7700,4
7701,8
7702,5
7703,5
7704,6
7705,7
7706,4
7707,1
7708,4
7709,9
7710,5
7711,9
7712,1
7713,3
7714,3
7715,3
7716,8
7717,3
7718,6
7719,4
7720,1
7721,9
7722,8
7723,7
7724,3
7725,6
7726,6
7727,7
7728,4
7729,9
7730,7
7731,4
7732,2
7733,6
7734,7
7735,6
7736,8
7737,5
7738,8
7739,2
7740,1
7741,8
7742,8
7743,3
7744,3
7745,2
7746,6
7747,0
7748,5
7749,6
7750,4
7751,2
7752,8
7753,1
7754,2
7755,6
7756,3
7757,6
7758,6
7759,1
7760,6
7761,3
7762,6
7763,1
7764,0
7765,2
7766,4
7767,8
7768,8
7769,9
7770,1
7771,2
7772,5
7773,6
7774,9
7775,7
7776,4
7777,4
7778,9
7779,2
7780,8
7781,2
7782,8
7783,4
7784,4
7785,1
7786,0
7787,1
7788,7
7789,7
7790,2
7791,4
7792,2
7793,3
7794,3
7795,6
7796,7
7797,9
7798,1
7799,2
7800,7
7801,0
7802,2
7803,7
7804,6
7805,5
7806,4
7807,4
7808,4
7809,0
7810,6
7811,2
7812,9
7813,2
7814,1
7815,4
7816,4
7817,4
7818,4
7819,8
7820,0
7821,3
7822,9
7823,9
7824,3
7825,9
7826,2
7827,0
7828,5
7829,6
7830,1
7831,8
7832,8
7833,8
7834,1
7835,3
7836,3
7837,7
7838,4
7839,2
7840,2
7841,4
7842,0
7843,7
7844,9
7845,3
7846,0
7847,8
7848,8
7849,1
7850,5
7851,6
7852,0
7853,1
7854,4
7855,7
7856,9
7857,0
7858,1
7859,0
7860,5
7861,4
7862,1
7863,7
7864,1
7865,9
7866,7
7867,2
7868,1
7869,9
7870,1
7871,7
7872,1
7873,4
7874,4
7875,3
7876,2
7877,1
7878,4
7879,4
7880,1
7881,7
7882,6
7883,1
7884,2
7885,6
7886,2
7887,7
7888,4
7889,6
7890,7
7891,8
7892,1
7893,1
7894,9
7895,8
7896,9
7897,5
7898,5
7899,8
7900,6
7901,8
7902,0
7903,0
7904,3
7905,7
7906,3
7907,1
7908,2
7909,5
7910,2
7911,8
7912,1
7913,3
7914,7
7915,9
7916,6
7917,8
7918,5
7919,0
7920,5
7921,5
7922,4
7923,8
7924,6
7925,0
7926,9
7927,5
7928,8
7929,1
7930,9
7931,1
7932,9
7933,8
7934,1
7935,7
7936,5
7937,6
7938,7
7939,1
7940,6
7941,8
7942,4
7943,4
7944,4
7945,2
7946,1
7947,1
7948,6
7949,5
7950,9
7951,2
7952,8
7953,1
7954,7
7955,8
7956,2
7957,6
7958,7
7959,0
7960,6
7961,5
7962,4
7963,9
7964,5
7965,2
7966,1
7967,7
7968,0
7969,5
7970,6
7971,4
7972,5
7973,4
7974,5
7975,2
7976,2
7977,6
7978,1
7979,1
7980,0
7981,9
7982,2
7983,6
7984,2
7985,4
7986,5
7987,2
7988,0
7989,6
7990,4
7991,5
7992,5
7993,7
7994,4
7995,6
7996,2
7997,6
7998,0
7999,0
8000,9
8001,6
8002,5
8003,2
8004,9
8005,5
8006,8
8007,9
8008,5
8009,8
8010,8
8011,4
8012,8
8013,3
8014,6
8015,0
8016,3
8017,2
8018,9
8019,0
8020,9
8021,8
8022,0
8023,2
8024,6
8025,6
8026,7
8027,2
8028,1
8029,1
8030,0
8031,5
8032,2
8033,6
8034,5
8035,6
8036,6
8037,3
8038,4
8039,0
8040,3
8041,7
8042,8
8043,5
8044,0
8045,3
8046,3
8047,5
8048,8
8049,5
8050,8
8051,5
8052,2
8053,8
8054,7
8055,3
8056,2
8057,2
8058,1
8059,3
8060,1
8061,0
8062,5
8063,7
8064,5
8065,1
8066,9
8067,5
8068,3
8069,0
8070,9
8071,3
8072,7
8073,8
8074,9
8075,0
8076,0
8077,7
8078,0
8079,3
8080,3
8081,6
8082,5
8083,5
8084,1
8085,6
8086,3
8087,8
8088,7
8089,1
8090,8
8091,9
8092,5
8093,3
8094,9
8095,2
8096,5
8097,3
8098,9
8099,2
8100,5
8101,6
8102,6
8103,3
8104,9
8105,6
8106,7
8107,6
8108,3
8109,6
8110,4
8111,4
8112,4
8113,0
8114,6
8115,6
8116,3
8117,9
8118,3
8119,7
8120,7
8121,3
8122,8
8123,5
8124,6
8125,7
8126,4
8127,7
8128,0
8129,3
8130,4
8131,9
8132,9
8133,8
8134,5
8135,2
8136,2
8137,6
8138,5
8139,1
8140,7
8141,4
8142,2
8143,8
8144,3
8145,0
8146,5
8147,4
8148,8
8149,5
8150,0
8151,7
8152,1
8153,3
8154,4
8155,5
8156,7
8157,1
8158,3
8159,0
8160,7
8161,6
8162,5
8163,9
8164,1
8165,8
8166,1
8167,5
8168,7
8169,7
8170,2
8171,5
8172,4
8173,0
8174,1
8175,6
8176,2
8177,8
8178,4
8179,3
8180,9
8181,2
8182,5
8183,8
8184,6
8185,8
8186,9
8187,3
8188,9
8189,7
8190,3
8191,9
8192,4
8193,1
8194,5
8195,6
8196,2
8197,3
8198,5
8199,3
8200,4
8201,2
8202,3
8203,1
8204,9
8205,5
8206,9
8207,4
8208,7
8209,8
8210,2
8211,4
8212,2
8213,5
8214,3
8215,4
8216,1
8217,3
8218,9
8219,1
8220,5
8221,0
8222,8
8223,2
8224,4
8225,3
8226,2
8227,9
8228,8
8229,7
8230,5
8231,2
8232,8
8233,8
8234,9
8235,8
8236,6
8237,2
8238,6
8239,9
8240,9
8241,4
8242,1
8243,4
8244,4
8245,3
8246,9
8247,9
8248,1
8249,4
8250,2
8251,0
8252,0
8253,3
8254,4
8255,0
8256,3
8257,9
8258,7
8259,8
8260,5
8261,2
8262,9
8263,1
8264,8
8265,9
8266,0
8267,8
8268,1
8269,4
8270,0
8271,4
8272,5
8273,3
8274,4
8275,9
8276,9
8277,8
8278,1
8279,5
8280,1
8281,8
8282,4
8283,6
8284,9
8285,2
8286,3
8287,7
8288,7
8289,2
8290,9
8291,1
8292,6
8293,2
8294,2
8295,8
8296,1
8297,8
8298,7
8299,9
8300,9
8301,3
8302,9
8303,7
8304,7
8305,7
8306,1
8307,2
8308,8
8309,6
8310,2
8311,2
8312,6
8313,2
8314,7
8315,7
8316,3
8317,5
8318,0
8319,6
8320,0
8321,7
8322,6
8323,4
8324,1
8325,1
8326,0
8327,9
8328,8
8329,9
8330,8
8331,6
8332,7
8333,8
8334,9
8335,1
8336,9
8337,4
8338,1
8339,9
8340,8
8341,0
8342,6
8343,5
8344,7
8345,0
8346,7
8347,2
8348,0
8349,7
8350,5
8351,2
8352,3
8353,5
8354,4
8355,6
8356,6
8357,1
8358,6
8359,1
8360,1
8361,5
8362,7
8363,6
8364,1
8365,5
8366,5
8367,8
8368,5
8369,4
8370,2
8371,7
8372,5
8373,7
8374,1
8375,3
8376,5
8377,8
8378,8
8379,7
8380,1
8381,1
8382,2
8383,7
8384,8
8385,2
8386,8
8387,5
8388,6
8389,3
8390,8
8391,8
8392,3
8393,9
8394,0
8395,0
8396,8
8397,0
8398,6
8399,3
8400,0
8401,3
8402,1
8403,3
8404,7
8405,2
8406,9
8407,2
8408,3
8409,7
8410,7
8411,9
8412,4
8413,6
8414,7
8415,3
8416,1
8417,9
8418,7
8419,6
8420,5
8421,4
8422,7
8423,1
8424,7
8425,8
8426,7
8427,2
8428,4
8429,4
8430,9
8431,5
8432,8
8433,9
8434,3
8435,0
8436,9
8437,2
8438,6
8439,7
8440,1
8441,9
8442,9
8443,2
8444,2
8445,2
8446,6
8447,8
8448,6
8449,9
8450,5
8451,4
8452,9
8453,4
8454,4
8455,9
8456,2
8457,4
8458,4
8459,3
8460,0
8461,3
8462,7
8463,2
8464,9
8465,5
8466,7
8467,6
8468,2
8469,5
8470,9
8471,8
8472,6
8473,9
8474,4
8475,7
8476,6
8477,5
8478,4
8479,8
8480,6
8481,4
8482,4
8483,4
8484,1
8485,5
8486,7
8487,8
8488,7
8489,9
8490,1
8491,8
8492,6
8493,5
8494,1
8495,2
8496,4
8497,5
8498,2
8499,6
8500,0
8501,7
8502,7
8503,4
8504,5
8505,0
8506,0
8507,6
8508,1
8509,2
8510,1
8511,0
8512,6
8513,3
8514,1
8515,0
8516,1
8517,6
8518,0
8519,1
8520,7
8521,5
8522,4
8523,0
8524,5
8525,0
8526,2
8527,5
8528,5
8529,5
8530,1
8531,7
8532,2
8533,1
8534,5
8535,9
8536,6
8537,1
8538,4
8539,4
8540,9
8541,3
8542,1
8543,4
8544,3
8545,4
8546,4
8547,1
8548,3
8549,7
8550,5
8551,0
8552,8
8553,1
8554,4
8555,3
8556,4
8557,5
8558,6
8559,8
8560,0
8561,1
8562,0
8563,2
8564,8
8565,4
8566,0
8567,1
8568,4
8569,6
8570,9
8571,4
8572,9
8573,6
8574,1
8575,8
8576,7
8577,1
8578,7
8579,3
8580,3
8581,4
8582,7
8583,7
8584,9
8585,0
8586,2
8587,0
8588,1
8589,4
8590,3
8591,3
8592,4
8593,6
8594,0
8595,9
8596,7
8597,1
8598,8
8599,8
8600,9
8601,7
8602,9
8603,5
8604,7
8605,3
8606,6
8607,1
8608,9
8609,2
8610,8
8611,9
8612,0
8613,0
8614,5
8615,3
8616,2
8617,6
8618,3
8619,5
8620,3
8621,4
8622,5
8623,2
8624,0
8625,3
8626,4
8627,9
8628,6
8629,1
8630,4
8631,7
8632,5
8633,0
8634,4
8635,5
8636,5
8637,6
8638,8
8639,5
8640,0
8641,6
8642,6
8643,8
8644,6
8645,9
8646,6
8647,8
8648,1
8649,6
8650,4
8651,4
8652,1
8653,6
8654,5
8655,6
8656,1
8657,0
8658,6
8659,2
8660,3
8661,1
8662,3
8663,3
8664,7
8665,3
8666,6
8667,5
8668,0
8669,2
8670,5
8671,9
8672,7
8673,9
8674,2
8675,1
8676,1
8677,3
8678,2
8679,3
8680,4
8681,8
8682,8
8683,9
8684,4
8685,1
8686,0
8687,7
8688,5
8689,1
8690,5
8691,8
8692,7
8693,7
8694,6
8695,4
8696,3
8697,5
8698,4
8699,8
8700,8
8701,4
8702,1
8703,0
8704,8
8705,3
8706,2
8707,9
8708,2
8709,1
8710,3
8711,0
8712,2
8713,7
8714,9
8715,6
8716,4
8717,7
8718,1
8719,0
8720,3
8721,7
8722,6
8723,7
8724,2
8725,1
8726,2
8727,7
8728,8
8729,4
8730,4
8731,2
8732,4
8733,4
8734,8
8735,5
8736,3
8737,8
8738,8
8739,1
8740,1
8741,3
8742,5
8743,1
8744,2
8745,6
8746,4
8747,9
8748,0
8749,7
8750,6
8751,7
8752,7
8753,7
8754,0
8755,5
8756,5
8757,5
8758,0
8759,9
8760,4
8761,6
8762,1
8763,0
8764,1
8765,0
8766,1
8767,8
8768,9
8769,8
8770,8
8771,4
8772,6
8773,0
8774,9
8775,6
8776,4
8777,4
8778,6
8779,1
8780,3
8781,9
8782,6
8783,3
8784,2
8785,3
8786,6
8787,2
8788,5
8789,1
8790,1
8791,7
8792,5
8793,9
8794,5
8795,7
8796,8
8797,5
8798,8
8799,9
8800,3
8801,8
8802,3
8803,2
8804,7
8805,5
8806,5
8807,5
8808,0
8809,7
8810,9
8811,7
8812,3
8813,8
8814,5
8815,5
8816,5
8817,3
8818,7
8819,4
8820,4
8821,8
8822,5
8823,8
8824,8
8825,2
8826,3
8827,5
8828,1
8829,7
8830,9
8831,0
8832,2
8833,3
8834,0
8835,6
8836,3
8837,7
8838,6
8839,4
8840,2
8841,7
8842,4
8843,0
8844,1
8845,2
8846,6
8847,1
8848,0
8849,0
8850,9
8851,2
8852,5
8853,2
8854,0
8855,0
8856,7
8857,4
8858,7
8859,8
8860,2
8861,1
8862,0
8863,5
8864,8
8865,8
8866,3
8867,6
8868,9
8869,3
8870,3
8871,4
8872,4
8873,2
8874,3
8875,9
8876,4
8877,5
8878,0
8879,1
8880,5
8881,7
8882,9
8883,4
8884,4
8885,0
8886,4
8887,8
8888,7
8889,4
8890,5
8891,2
8892,9
8893,7
8894,5
8895,0
8896,8
8897,1
8898,2
8899,0
8900,0
8901,5
8902,7
8903,0
8904,6
8905,3
8906,7
8907,8
8908,1
8909,2
8910,6
8911,1
8912,8
8913,0
8914,9
8915,0
8916,7
8917,8
8918,7
8919,9
8920,2
8921,6
8922,1
8923,1
8924,3
8925,0
8926,2
8927,5
8928,5
8929,5
8930,3
8931,8
8932,2
8933,0
8934,4
8935,8
8936,5
8937,2
8938,2
8939,4
8940,2
8941,2
8942,7
8943,2
8944,4
8945,0
8946,6
8947,3
8948,6
8949,6
8950,5
8951,7
8952,7
8953,4
8954,9
8955,7
8956,7
8957,4
8958,3
8959,1
8960,2
8961,5
8962,3
8963,8
8964,0
8965,0
8966,9
8967,2
8968,9
8969,8
8970,2
8971,6
8972,2
8973,7
8974,3
8975,2
8976,2
8977,5
8978,3
8979,8
8980,7
8981,3
8982,3
8983,7
8984,3
8985,5
8986,1
8987,3
8988,4
8989,2
8990,4
8991,4
8992,4
8993,8
8994,8
8995,1
8996,8
8997,7
8998,3
8999,1
9000,2
9001,5
9002,3
9003,3
9004,5
9005,5
9006,0
9007,4
9008,6
9009,4
9010,0
9011,9
9012,9
9013,6
9014,9
9015,5
9016,3
9017,5
9018,3
9019,6
9020,5
9021,4
9022,2
9023,9
9024,2
9025,1
9026,3
9027,9
9028,2
9029,5
9030,0
9031,1
9032,4
9033,7
9034,2
9035,4
9036,4
9037,9
9038,0
9039,9
9040,7
9041,7
9042,7
9043,9
9044,1
9045,3
9046,2
9047,7
9048,1
9049,4
9050,9
9051,7
9052,7
9053,9
9054,7
9055,6
9056,2
9057,9
9058,4
9059,8
9060,8
9061,6
9062,9
9063,8
9064,6
9065,3
9066,1
9067,5
9068,4
9069,0
9070,3
9071,5
9072,8
9073,9
9074,8
9075,8
9076,9
9077,5
9078,9
9079,8
9080,7
9081,7
9082,8
9083,7
9084,4
9085,5
9086,1
9087,2
9088,1
9089,3
9090,3
9091,4
9092,9
9093,9
9094,4
9095,8
9096,0
9097,6
9098,2
9099,8
9100,9
9101,3
9102,9
9103,2
9104,5
9105,7
9106,8
9107,5
9108,0
9109,8
9110,1
9111,7
9112,8
9113,9
9114,5
9115,2
9116,4
9117,1
9118,5
9119,0
9120,5
9121,9
9122,4
9123,8
9124,8
9125,0
9126,7
9127,7
9128,4
9129,8
9130,0
9131,3
9132,3
9133,3
9134,3
9135,9
9136,0
9137,9
9138,4
9139,2
9140,1
9141,8
9142,0
9143,4
9144,1
9145,6
9146,6
9147,1
9148,6
9149,8
9150,0
9151,1
9152,7
9153,4
9154,7
9155,7
9156,7
9157,5
9158,3
9159,6
9160,6
9161,9
9162,9
9163,1
9164,5
9165,1
9166,7
9167,1
9168,6
9169,5
9170,5
9171,2
9172,2
9173,2
9174,1
9175,0
9176,8
9177,3
9178,0
9179,8
9180,1
9181,7
9182,7
9183,4
9184,4
9185,9
9186,6
9187,8
9188,6
9189,3
9190,6
9191,7
9192,3
9193,5
9194,4
9195,9
9196,7
9197,7
9198,1
9199,8
9200,8
9201,3
9202,7
9203,0
9204,6
9205,4
9206,2
9207,9
9208,7
9209,5
9210,4
9211,1
9212,4
9213,6
9214,0
9215,4
9216,6
9217,4
9218,2
9219,7
9220,5
9221,1
9222,9
9223,9
9224,4
9225,5
9226,2
9227,2
9228,6
9229,4
9230,3
9231,2
9232,8
9233,3
9234,9
9235,9
9236,6
9237,6
9238,7
9239,2
9240,7
9241,7
9242,9
9243,1
9244,3
9245,9
9246,2
9247,1
9248,6
9249,6
9250,2
9251,5
9252,6
9253,7
9254,0
9255,3
9256,9
9257,7
9258,0
9259,2
9260,9
9261,2
9262,4
9263,6
9264,0
9265,6
9266,9
9267,6
9268,9
9269,3
9270,3
9271,4
9272,7
9273,5
9274,5
9275,5
9276,4
9277,8
9278,1
9279,3
9280,8
9281,2
9282,0
9283,3
9284,0
9285,5
9286,5
9287,1
9288,1
9289,4
9290,5
9291,3
9292,8
9293,0
9294,3
9295,2
9296,7
9297,4
9298,3
9299,8
9300,0
9301,6
9302,6
9303,0
9304,4
9305,3
9306,4
9307,8
9308,0
9309,1
9310,0
9311,1
9312,8
9313,9
9314,7
9315,7
9316,6
9317,8
9318,9
9319,2
9320,0
9321,9
9322,9
9323,7
9324,6
9325,0
9326,4
9327,6
9328,5
9329,5
9330,0
9331,6
9332,2
9333,4
9334,8
9335,5
9336,1
9337,3
9338,0
9339,4
9340,8
9341,8
9342,7
9343,3
9344,1
9345,2
9346,7
9347,8
9348,9
9349,5
9350,0
9351,5
9352,9
9353,8
9354,3
9355,4
9356,1
9357,9
9358,9
9359,5
9360,3
9361,2
9362,9
9363,3
9364,4
9365,2
9366,9
9367,3
9368,5
9369,9
9370,8
9371,9
9372,3
9373,6
9374,4
9375,6
9376,2
9377,8
9378,3
9379,7
9380,2
9381,8
9382,4
9383,1
9384,1
9385,8
9386,5
9387,6
9388,9
9389,3
9390,5
9391,2
9392,7
9393,1
9394,2
9395,6
9396,3
9397,5
9398,9
9399,1
9400,4
9401,1
9402,8
9403,4
9404,2
9405,2
9406,5
9407,5
9408,2
9409,2
9410,2
9411,1
9412,0
9413,2
9414,1
9415,7
9416,2
9417,3
9418,1
9419,6
9420,5
9421,9
9422,5
9423,9
9424,1
9425,8
9426,9
9427,9
9428,6
9429,4
9430,9
9431,2
9432,1
9433,2
9434,9
9435,2
9436,3
9437,6
9438,8
9439,0
9440,7
9441,0
9442,8
9443,1
9444,2
9445,7
9446,7
9447,1
9448,6
9449,1
9450,0
9451,3
9452,8
9453,2
9454,2
9455,5
9456,3
9457,7
9458,1
9459,8
9460,7
9461,8
9462,3
9463,3
9464,5
9465,6
9466,8
9467,6
9468,4
9469,3
9470,6
9471,7
9472,4
9473,4
9474,0
9475,2
9476,9
9477,0
9478,3
9479,3
9480,0
9481,5
9482,0
9483,1
9484,1
9485,4
9486,8
9487,9
9488,8
9489,6
9490,2
9491,0
9492,9
9493,2
9494,4
9495,8
9496,9
9497,9
9498,7
9499,0
9500,8
9501,7
9502,7
9503,0
9504,9
9505,5
9506,8
9507,9
9508,2
9509,2
9510,3
9511,4
9512,4
9513,4
9514,8
9515,4
9516,6
9517,4
9518,3
9519,6
9520,1
9521,1
9522,6
9523,3
9524,8
9525,8
9526,1
9527,2
9528,0
9529,5
9530,7
9531,8
9532,3
9533,0
9534,4
9535,9
9536,1
9537,1
9538,3
9539,3
9540,1
9541,2
9542,0
9543,6
9544,4
9545,2
9546,1
9547,2
9548,8
9549,3
9550,0
9551,2
9552,0
9553,8
9554,3
9555,6
9556,9
9557,0
9558,3
9559,5
9560,1
9561,3
9562,3
9563,3
9564,7
9565,8
9566,2
9567,9
9568,1
9569,2
9570,8
9571,8
9572,6
9573,5
9574,7
9575,4
9576,9
9577,7
9578,7
9579,4
9580,4
9581,0
9582,9
9583,2
9584,4
9585,9
9586,0
9587,3
9588,8
9589,3
9590,0
9591,4
9592,1
9593,4
9594,2
9595,7
9596,8
9597,9
9598,9
9599,9
9600,3
9601,8
9602,7
9603,6
9604,9
9605,7
9606,8
9607,5
9608,7
9609,8
9610,1
9611,9
9612,4
9613,8
9614,2
9615,6
9616,5
9617,8
9618,4
9619,2
9620,7
9621,7
9622,2
9623,3
9624,8
9625,9
9626,8
9627,6
9628,3
9629,5
9630,3
9631,1
9632,6
9633,5
9634,8
9635,8
9636,6
9637,3
9638,8
9639,7
9640,4
9641,6
9642,0
9643,1
9644,4
9645,1
9646,0
9647,3
9648,2
9649,8
9650,3
9651,0
9652,5
9653,3
9654,8
9655,7
9656,1
9657,1
9658,6
9659,8
9660,8
9661,7
9662,5
9663,9
9664,1
9665,5
9666,5
9667,5
9668,3
9669,4
9670,7
9671,0
9672,2
9673,5
9674,5
9675,6
9676,7
9677,8
9678,5
9679,8
9680,8
9681,3
9682,2
9683,3
9684,5
9685,6
9686,9
9687,3
9688,0
9689,6
9690,9
9691,7
9692,7
9693,2
9694,4
9695,1
9696,6
9697,3
9698,9
9699,5
9700,9
9701,6
9702,7
9703,7
9704,0
9705,8
9706,0
9707,7
9708,8
9709,9
9710,4
9711,2
9712,4
9713,6
9714,6
9715,3
9716,4
9717,6
9718,7
9719,1
9720,6
9721,0
9722,3
9723,1
9724,9
9725,1
9726,7
9727,1
9728,5
9729,0
9730,8
9731,4
9732,4
9733,0
9734,9
9735,3
9736,0
9737,9
9738,8
9739,1
9740,6
9741,4
9742,9
9743,6
9744,6
9745,2
9746,6
9747,7
9748,8
9749,2
9750,8
9751,7
9752,8
9753,7
9754,3
9755,7
9756,2
9757,6
9758,6
9759,3
9760,9
9761,0
9762,9
9763,5
9764,2
9765,3
9766,5
9767,6
9768,5
9769,8
9770,7
9771,6
9772,9
9773,7
9774,9
9775,7
9776,6
9777,2
9778,0
9779,5
9780,8
9781,7
9782,2
9783,4
9784,0
9785,2
9786,4
9787,6
9788,1
9789,7
9790,3
9791,0
9792,2
9793,0
9794,0
9795,1
9796,2
9797,2
9798,3
9799,5
9800,8
9801,7
9802,8
9803,5
9804,9
9805,3
9806,0
9807,4
9808,3
9809,8
9810,0
9811,6
9812,7
9813,6
9814,0
9815,9
9816,9
9817,9
9818,8
9819,3
9820,2
9821,1
9822,1
9823,5
9824,1
9825,7
9826,7
9827,1
9828,8
9829,5
9830,1
9831,6
9832,3
9833,6
9834,0
9835,5
9836,3
9837,4
9838,7
9839,5
9840,8
9841,8
9842,7
9843,6
9844,8
9845,5
9846,6
9847,7
9848,5
9849,9
9850,4
9851,8
9852,8
9853,1
9854,9
9855,5
9856,4
9857,5
9858,2
9859,8
9860,0
9861,6
9862,9
9863,6
9864,5
9865,5
9866,1
9867,0
9868,2
9869,0
9870,3
9871,1
9872,2
9873,1
9874,8
9875,1
9876,7
9877,5
9878,5
9879,8
9880,5
9881,2
9882,1
9883,9
9884,3
9885,4
9886,2
9887,2
9888,2
9889,0
9890,1
9891,0
9892,1
9893,0
9894,8
9895,6
9896,8
9897,1
9898,1
9899,2
9900,5
9901,0
9902,6
9903,7
9904,3
9905,8
9906,7
9907,1
9908,1
9909,8
9910,3
9911,7
9912,6
9913,2
9914,4
9915,4
9916,1
9917,3
9918,0
9919,8
9920,3
9921,0
9922,5
9923,2
9924,9
9925,7
9926,2
9927,5
9928,2
9929,2
9930,6
9931,3
9932,1
9933,8
9934,3
9935,5
9936,3
9937,7
9938,3
9939,0
9940,2
9941,7
9942,0
9943,2
9944,8
9945,6
9946,7
9947,0
9948,2
9949,0
9950,2
9951,6
9952,1
9953,5
9954,9
9955,7
9956,2
9957,9
9958,2
9959,9
9960,2
9961,1
9962,3
9963,3
9964,8
9965,0
9966,0
9967,2
9968,9
9969,9
9970,8
9971,3
9972,8
9973,4
9974,0
9975,2
9976,2
9977,8
9978,2
9979,3
9980,6
9981,4
9982,1
9983,8
9984,3
9985,5
9986,6
9987,1
9988,0
9989,6
9990,5
9991,4
9992,6
9993,0
9994,2
9995,6
9996,1
9997,2
9998,5
9999,6
10000,1
10001,4
10002,7
10003,4
10004,1
10005,2
10006,3
10007,2
10008,0
10009,0
10010,4
10011,2
10012,3
10013,3
10014,8
10015,9
10016,9
10017,7
10018,7
10019,2
10020,4
10021,7
10022,0
10023,0
10024,4
10025,3
10026,9
10027,1
10028,8
10029,4
10030,3
10031,1
10032,4
10033,5
10034,0
10035,9
10036,6
10037,0
10038,1
10039,5
10040,2
10041,6
10042,6
10043,9
10044,1
10045,8
10046,7
10047,1
10048,2
10049,0
10050,0
10051,6
10052,2
10053,9
10054,5
10055,1
10056,7
10057,6
10058,1
10059,7
10060,8
10061,5
10062,3
10063,3
10064,9
10065,2
10066,0
10067,8
10068,0
10069,6
10070,7
10071,8
10072,4
10073,3
10074,3
10075,1
10076,3
10077,3
10078,6
10079,2
10080,9
10081,7
10082,7
10083,1
10084,0
10085,8
10086,9
10087,5
10088,0
10089,2
10090,2
10091,6
10092,5
10093,2
10094,2
10095,3
10096,3
10097,4
10098,0
10099,9
10100,1
10101,5
10102,1
10103,4
10104,4
10105,4
10106,9
10107,8
10108,0
10109,0
10110,9
10111,0
10112,5
10113,8
10114,1
10115,6
10116,1
10117,2
10118,1
10119,2
10120,7
10121,1
10122,9
10123,6
10124,9
10125,1
10126,9
10127,6
10128,7
10129,7
10130,5
10131,9
10132,7
10133,8
10134,7
10135,4
10136,2
10137,0
10138,7
10139,9
10140,7
10141,9
10142,4
10143,8
10144,7
10145,7
10146,1
10147,3
10148,4
10149,4
10150,2
10151,9
10152,1
10153,1
10154,8
10155,4
10156,8
10157,1
10158,4
10159,0
10160,5
10161,9
10162,7
10163,8
10164,7
10165,9
10166,4
10167,7
10168,9
10169,3
10170,1
10171,2
10172,1
10173,0
10174,5
10175,0
10176,7
10177,6
10178,5
10179,7
10180,0
10181,6
10182,1
10183,7
10184,6
10185,9
10186,6
10187,5
10188,2
10189,2
10190,5
10191,9
10192,3
10193,4
10194,6
10195,6
10196,1
10197,7
10198,5
10199,0
10200,6
10201,3
10202,2
10203,9
10204,6
10205,9
10206,7
10207,4
10208,7
10209,5
10210,7
10211,2
10212,2
10213,1
10214,8
10215,3
10216,2
10217,9
10218,8
10219,3
10220,0
10221,0
10222,0
10223,0
10224,0
10225,3
10226,0
10227,1
10228,0
10229,8
10230,1
10231,7
10232,0
10233,9
10234,8
10235,2
10236,0
10237,6
10238,2
10239,0
10240,9
10241,2
10242,8
10243,9
10244,6
10245,2
10246,3
10247,7
10248,2
10249,3
10250,9
10251,2
10252,0
10253,1
10254,0
10255,9
10256,3
10257,7
10258,1
10259,4
10260,9
10261,3
10262,7
10263,3
10264,3
10265,1
10266,1
10267,4
10268,2
10269,3
10270,5
10271,6
10272,3
10273,9
10274,1
10275,9
10276,1
10277,3
10278,3
10279,1
10280,2
10281,2
10282,6
10283,1
10284,0
10285,9
10286,2
10287,4
10288,1
10289,9
10290,3
10291,0
10292,3
10293,2
10294,3
10295,7
10296,6
10297,9
10298,6
10299,8
10300,1
10301,9
10302,6
10303,9
10304,0
10305,9
10306,1
10307,9
10308,8
10309,5
10310,7
10311,2
10312,3
10313,6
10314,4
10315,1
10316,1
10317,0
10318,2
10319,5
10320,1
10321,2
10322,8
10323,7
10324,5
10325,5
10326,0
10327,9
10328,6
10329,6
10330,2
10331,7
10332,1
10333,5
10334,0
10335,3
10336,6
10337,0
10338,2
10339,4
10340,9
10341,4
10342,8
10343,2
10344,2
10345,4
10346,5
10347,6
10348,5
10349,9
10350,2
10351,1
10352,4
10353,3
10354,2
10355,5
10356,3
10357,9
10358,2
10359,8
10360,5
10361,6
10362,8
10363,1
10364,1
10365,1
10366,9
10367,1
10368,3
10369,1
10370,1
10371,5
10372,0
10373,9
10374,3
10375,6
10376,6
10377,6
10378,0
10379,4
10380,1
10381,3
10382,5
10383,7
10384,1
10385,3
10386,6
10387,3
10388,3
10389,9
10390,3
10391,5
10392,0
10393,0
10394,7
10395,4
10396,2
10397,2
10398,4
10399,5
10400,7
10401,5
10402,8
10403,8
10404,7
10405,2
10406,1
10407,3
10408,7
10409,1
10410,8
10411,9
10412,1
10413,4
10414,1
10415,5
10416,2
10417,7
10418,0
10419,8
10420,5
10421,7
10422,4
10423,3
10424,8
10425,3
10426,0
10427,2
10428,4
10429,7
10430,7
10431,2
10432,6
10433,1
10434,8
10435,9
10436,2
10437,2
10438,0
10439,3
10440,7
10441,9
10442,7
10443,5
10444,5
10445,1
10446,8
10447,8
10448,1
10449,8
10450,3
10451,6
10452,3
10453,8
10454,8
10455,0
10456,5
10457,4
10458,1
10459,6
10460,9
10461,5
10462,3
10463,9
10464,1
10465,1
10466,7
10467,1
10468,0
10469,0
10470,5
10471,1
10472,0
10473,1
10474,5
10475,1
10476,0
10477,2
10478,8
10479,7
10480,1
10481,2
10482,8
10483,0
10484,5
10485,7
10486,0
10487,8
10488,7
10489,0
10490,3
10491,9
10492,0
10493,9
10494,2
10495,2
10496,5
10497,4
10498,5
10499,4
10500,8
10501,3
10502,4
10503,5
10504,0
10505,7
10506,0
10507,9
10508,7
10509,8
10510,3
10511,5
10512,4
10513,6
10514,3
10515,5
10516,6
10517,1
10518,6
10519,1
10520,6
10521,2
10522,2
10523,6
10524,7
10525,4
10526,9
10527,0
10528,7
10529,6
10530,7
10531,2
10532,6
10533,8
10534,7
10535,9
10536,4
10537,7
10538,9
10539,2
10540,1
10541,0
10542,5
10543,6
10544,2
10545,3
10546,2
10547,5
10548,0
10549,3
10550,5
10551,8
10552,4
10553,1
10554,7
10555,4
10556,2
10557,6
10558,0
10559,4
10560,2
10561,4
10562,8
10563,3
10564,0
10565,9
10566,6
10567,1
10568,1
10569,7
10570,1
10571,3
10572,1
10573,0
10574,0
10575,6
10576,1
10577,9
10578,0
10579,6
10580,2
10581,9
10582,7
10583,3
10584,2
10585,9
10586,7
10587,2
10588,8
10589,7
10590,6
10591,8
10592,1
10593,0
10594,3
10595,1
10596,0
10597,6
10598,0
10599,4
10600,4
10601,5
10602,4
10603,6
10604,7
10605,6
10606,2
10607,0
10608,5
10609,7
10610,2
10611,9
10612,0
10613,1
10614,7
10615,3
10616,9
10617,9
10618,2
10619,2
10620,3
10621,7
10622,6
10623,0
10624,7
10625,7
10626,3
10627,9
10628,8
10629,2
10630,7
10631,5
10632,2
10633,2
10634,6
10635,7
10636,4
10637,5
10638,0
10639,1
10640,7
10641,9
10642,3
10643,4
10644,8
10645,5
10646,0
10647,3
10648,4
10649,4
10650,0
10651,3
10652,0
10653,2
10654,4
10655,0
10656,0
10657,9
10658,0
10659,7
10660,9
10661,1
10662,3
10663,7
10664,6
10665,2
10666,5
10667,7
10668,7
10669,7
10670,2
10671,4
10672,9
10673,1
10674,5
10675,7
10676,1
10677,0
10678,8
10679,1
10680,2
10681,1
10682,6
10683,0
10684,4
10685,7
10686,3
10687,2
10688,8
10689,1
10690,6
10691,4
10692,2
10693,3
10694,3
10695,0
10696,2
10697,8
10698,0
10699,2
10700,6
10701,5
10702,8
10703,0
10704,7
10705,3
10706,7
10707,8
10708,5
10709,4
10710,9
10711,5
10712,9
10713,9
10714,6
10715,5
10716,5
10717,5
10718,5
10719,5
10720,9
10721,7
10722,8
10723,1
10724,1
10725,3
10726,4
10727,7
10728,6
10729,3
10730,4
10731,8
10732,2
10733,5
10734,7
10735,4
10736,2
10737,7
10738,0
10739,9
10740,1
10741,7
10742,6
10743,4
10744,3
10745,8
10746,4
10747,1
10748,3
10749,9
10750,6
10751,2
10752,7
10753,2
10754,8
10755,7
10756,3
10757,4
10758,0
10759,4
10760,2
10761,9
10762,1
10763,4
10764,2
10765,9
10766,6
10767,9
10768,3
10769,9
10770,8
10771,5
10772,0
10773,1
10774,3
10775,3
10776,8
10777,0
10778,0
10779,9
10780,0
10781,3
10782,8
10783,8
10784,9
10785,5
10786,1
10787,5
10788,8
10789,5
10790,1
10791,4
10792,9
10793,7
10794,8
10795,7
10796,1
10797,0
10798,2
10799,5
10800,6
10801,0
10802,1
10803,0
10804,5
10805,6
10806,0
10807,0
10808,0
10809,2
10810,7
10811,8
10812,6
10813,8
10814,1
10815,7
10816,6
10817,6
10818,9
10819,9
10820,6
10821,0
10822,2
10823,5
10824,3
10825,8
10826,1
10827,0
10828,1
10829,7
10830,9
10831,6
10832,8
10833,8
10834,7
10835,8
10836,0
10837,3
10838,7
10839,2
10840,6
10841,2
10842,5
10843,5
10844,8
10845,5
10846,7
10847,4
10848,4
10849,5
10850,7
10851,5
10852,5
10853,5
10854,0
10855,9
10856,8
10857,6
10858,7
10859,7
10860,5
10861,3
10862,7
10863,2
10864,6
10865,7
10866,1
10867,3
10868,5
10869,2
10870,8
10871,5
10872,1
10873,2
10874,8
10875,3
10876,8
10877,3
10878,2
10879,1
10880,1
10881,5
10882,0
10883,6
10884,1
10885,7
10886,3
10887,2
10888,5
10889,6
10890,7
10891,0
10892,6
10893,0
10894,5
10895,0
10896,5
10897,2
10898,0
10899,8
10900,9
10901,6
10902,1
10903,2
10904,9
10905,7
10906,5
10907,1
10908,2
10909,7
10910,6
10911,1
10912,2
10913,1
10914,2
10915,4
10916,6
10917,6
10918,4
10919,2
10920,8
10921,2
10922,5
10923,1
10924,6
10925,3
10926,9
10927,3
10928,7
10929,1
10930,0
10931,8
10932,8
10933,0
10934,1
10935,3
10936,2
10937,6
10938,0
10939,9
10940,1
10941,2
10942,9
10943,0
10944,0
10945,3
10946,9
10947,3
10948,0
10949,1
10950,1
10951,8
10952,5
10953,4
10954,9
10955,4
10956,0
10957,0
10958,4
10959,0
10960,0
10961,0
10962,7
10963,2
10964,1
10965,8
10966,6
10967,4
10968,1
10969,9
10970,5
10971,4
10972,6
10973,5
10974,3
10975,3
10976,8
10977,2
10978,7
10979,1
10980,1
10981,0
10982,6
10983,1
10984,8
10985,3
10986,5
10987,7
10988,0
10989,1
10990,9
10991,6
10992,1
10993,4
10994,9
10995,0
10996,2
10997,5
10998,8
10999,0
11000,5
11001,2
11002,4
11003,6
11004,0
11005,1
11006,5
11007,2
11008,8
11009,1
11010,6
11011,8
11012,0
11013,6
11014,2
11015,1
11016,1
11017,2
11018,8
11019,7
11020,5
11021,8
11022,8
11023,6
11024,7
11025,1
11026,8
11027,8
11028,4
11029,7
11030,6
11031,1
11032,5
11033,4
11034,4
11035,3
11036,5
11037,5
11038,0
11039,7
11040,3
11041,4
11042,0
11043,4
11044,2
11045,8
11046,2
11047,1
11048,5
11049,7
11050,4
11051,7
11052,4
11053,1
11054,9
11055,0
11056,7
11057,2
11058,8
11059,2
11060,1
11061,0
11062,1
11063,6
11064,3
11065,5
11066,0
11067,7
11068,4
11069,4
11070,5
11071,7
11072,1
11073,6
11074,3
11075,0
11076,8
11077,6
11078,2
11079,5
11080,1
11081,1
11082,8
11083,3
11084,0
11085,4
11086,1
11087,6
11088,3
11089,9
11090,5
11091,8
11092,5
11093,5
11094,6
11095,0
11096,6
11097,5
11098,7
11099,7
11100,5
11101,0
11102,6
11103,0
11104,8
11105,9
11106,5
11107,4
11108,4
11109,7
11110,8
11111,8
11112,4
11113,1
11114,9
11115,7
11116,5
11117,8
11118,4
11119,0
11120,3
11121,1
11122,8
11123,8
11124,6
11125,3
11126,6
11127,1
11128,5
11129,8
11130,9
11131,1
11132,6
11133,5
11134,2
11135,0
11136,2
11137,2
11138,1
11139,0
11140,1
11141,5
11142,0
11143,8
11144,2
11145,4
11146,3
11147,0
11148,2
11149,7
11150,0
11151,1
11152,9
11153,9
11154,7
11155,5
11156,1
11157,4
11158,2
11159,7
11160,3
11161,4
11162,4
11163,8
11164,7
11165,6
11166,3
11167,8
11168,1
11169,9
11170,0
11171,6
11172,8
11173,0
11174,6
11175,6
11176,3
11177,8
11178,4
11179,2
11180,7
11181,3
11182,8
11183,3
11184,8
11185,5
11186,4
11187,0
11188,8
11189,6
11190,3
11191,0
11192,4
11193,5
11194,0
11195,2
11196,7
11197,4
11198,2
11199,6
11200,9
11201,5
11202,9
11203,5
11204,3
11205,1
11206,1
11207,6
11208,0
11209,7
11210,7
11211,5
11212,4
11213,9
11214,8
11215,1
11216,3
11217,2
11218,7
11219,3
11220,8
11221,7
11222,8
11223,4
11224,2
11225,2
11226,0
11227,3
11228,9
11229,3
11230,7
11231,9
11232,9
11233,9
11234,7
11235,1
11236,4
11237,5
11238,9
11239,8
11240,2
11241,7
11242,8
11243,2
11244,4
11245,1
11246,9
11247,4
11248,1
11249,6
11250,1
11251,5
11252,1
11253,0
11254,1
11255,6
11256,2
11257,4
11258,1
11259,5
11260,9
11261,1
11262,2
11263,6
11264,0
11265,5
11266,0
11267,1
11268,8
11269,6
11270,7
11271,7
11272,3
11273,9
11274,7
11275,9
11276,2
11277,2
11278,3
11279,9
11280,6
11281,3
11282,8
11283,0
11284,0
11285,9
11286,3
11287,9
11288,6
11289,8
11290,4
11291,4
11292,2
11293,4
11294,8
11295,6
11296,4
11297,1
11298,6
11299,6
11300,8
11301,8
11302,6
11303,9
11304,1
11305,0
11306,1
11307,9
11308,1
11309,8
11310,8
11311,1
11312,8
11313,1
11314,7
11315,8
11316,6
11317,1
11318,6
11319,8
11320,7
11321,6
11322,2
11323,1
11324,9
11325,3
11326,2
11327,3
11328,9
11329,7
11330,4
11331,5
11332,8
11333,7
11334,0
11335,8
11336,7
11337,2
11338,9
11339,6
11340,1
11341,2
11342,7
11343,7
11344,7
11345,3
11346,5
11347,4
11348,1
11349,7
11350,4
11351,0
11352,3
11353,7
11354,9
11355,3
11356,0
11357,6
11358,0
11359,0
11360,2
11361,8
11362,7
11363,9
11364,3
11365,3
11366,7
11367,1
11368,0
11369,8
11370,8
11371,9
11372,8
11373,3
11374,4
11375,2
11376,6
11377,7
11378,5
11379,3
11380,3
11381,1
11382,5
11383,2
11384,5
11385,2
11386,8
11387,4
11388,1
11389,2
11390,3
11391,4
11392,3
11393,7
11394,7
11395,1
11396,9
11397,0
11398,0
11399,2
11400,8
11401,0
11402,7
11403,3
11404,5
11405,6
11406,2
11407,4
11408,4
11409,5
11410,5
11411,8
11412,4
11413,8
11414,7
11415,0
11416,7
11417,7
11418,6
11419,6
11420,3
11421,6
11422,6
11423,8
11424,6
11425,6
11426,9
11427,0
11428,9
11429,5
11430,6
11431,6
11432,8
11433,0
11434,0
11435,8
11436,0
11437,3
11438,6
11439,5
11440,6
11441,6
11442,1
11443,4
11444,3
11445,7
11446,1
11447,0
11448,7
11449,1
11450,1
11451,0
11452,8
11453,3
11454,3
11455,5
11456,1
11457,2
11458,0
11459,8
11460,1
11461,9
11462,0
11463,0
11464,7
11465,0
11466,2
11467,8
11468,3
11469,4
11470,1
11471,9
11472,0
11473,1
11474,0
11475,7
11476,4
11477,7
11478,1
11479,0
11480,1
11481,1
11482,6
11483,1
11484,5
11485,2
11486,2
11487,3
11488,0
11489,8
11490,7
11491,7
11492,3
11493,0
11494,2
11495,1
11496,3
11497,3
11498,6
11499,6
11500,0
11501,6
11502,8
11503,2
11504,3
11505,6
11506,5
11507,1
11508,5
11509,7
11510,6
11511,3
11512,5
11513,5
11514,6
11515,8
11516,2
11517,4
11518,5
11519,9
11520,8
11521,0
11522,6
11523,9
11524,2
11525,9
11526,2
11527,5
11528,6
11529,7
11530,0
11531,1
11532,2
11533,0
11534,4
11535,9
11536,0
11537,8
11538,8
11539,4
11540,7
11541,3
11542,7
11543,2
11544,3
11545,1
11546,1
11547,5
11548,2
11549,9
11550,9
11551,5
11552,4
11553,2
11554,1
11555,4
11556,5
11557,1
11558,2
11559,1
11560,5
11561,2
11562,4
11563,1
11564,1
11565,0
11566,1
11567,9
11568,5
11569,5
11570,5
11571,2
11572,4
11573,5
11574,7
11575,8
11576,1
11577,6
11578,3
11579,1
11580,9
11581,9
11582,4
11583,7
11584,3
11585,9
11586,3
11587,4
11588,0
11589,8
11590,4
11591,1
11592,5
11593,9
11594,5
11595,4
11596,3
11597,4
11598,3
11599,1
11600,5
11601,2
11602,0
11603,0
11604,3
11605,5
11606,2
11607,3
11608,1
11609,9
11610,9
11611,4
11612,4
11613,9
11614,9
11615,1
11616,8
11617,9
11618,2
11619,1
11620,5
11621,6
11622,4
11623,3
11624,3
11625,6
11626,6
11627,9
11628,9
11629,8
11630,0
11631,5
11632,7
11633,8
11634,7
11635,8
11636,4
11637,6
11638,3
11639,3
11640,3
11641,2
11642,4
11643,3
11644,0
11645,1
11646,8
11647,2
11648,1
11649,9
11650,4
11651,7
11652,4
11653,8
11654,7
11655,2
11656,3
11657,5
11658,1
11659,8
11660,6
11661,0
11662,7
11663,8
11664,1
11665,5
11666,4
11667,3
11668,3
11669,2
11670,9
11671,5
11672,1
11673,5
11674,8
11675,8
11676,0
11677,9
11678,0
11679,8
11680,8
11681,5
11682,9
11683,4
11684,6
11685,0
11686,8
11687,9
11688,2
11689,4
11690,4
11691,6
11692,6
11693,9
11694,2
11695,0
11696,0
11697,9
11698,2
11699,3
11700,4
11701,3
11702,0
11703,4
11704,1
11705,7
11706,9
11707,3
11708,5
11709,4
11710,2
11711,4
11712,6
11713,6
11714,9
11715,2
11716,4
11717,0
11718,8
11719,2
11720,8
11721,3
11722,6
11723,5
11724,5
11725,8
11726,1
11727,4
11728,4
11729,5
11730,0
11731,6
11732,2
11733,2
11734,0
11735,9
11736,1
11737,0
11738,4
11739,0
11740,4
11741,2
11742,4
11743,2
11744,0
11745,6
11746,8
11747,2
11748,1
11749,0
11750,7
11751,6
11752,4
11753,3
11754,1
11755,6
11756,9
11757,0
11758,0
11759,7
11760,8
11761,9
11762,3
11763,8
11764,5
11765,5
11766,0
11767,3
11768,6
11769,0
11770,3
11771,5
11772,0
11773,3
11774,7
11775,2
11776,2
11777,0
11778,2
11779,0
11780,0
11781,7
11782,5
11783,9
11784,8
11785,1
11786,0
11787,1
11788,8
11789,6
11790,1
11791,8
11792,4
11793,2
11794,0
11795,5
11796,4
11797,3
11798,3
11799,7
11800,8
11801,7
11802,1
11803,1
11804,0
11805,6
11806,7
11807,6
11808,4
11809,3
11810,4
11811,5
11812,6
11813,0
11814,7
11815,1
11816,3
11817,2
11818,1
11819,5
11820,0
11821,0
11822,9
11823,7
11824,6
11825,6
11826,9
11827,3
11828,7
11829,6
11830,3
11831,2
11832,7
11833,7
11834,0
11835,0
11836,6
11837,1
11838,8
11839,8
11840,6
11841,1
11842,4
11843,4
11844,8
11845,6
11846,5
11847,9
11848,1
11849,2
11850,9
11851,8
11852,8
11853,3
11854,6
11855,2
11856,7
11857,6
11858,0
11859,9
11860,1
11861,8
11862,3
11863,0
11864,3
11865,7
11866,0
11867,6
11868,1
11869,7
11870,2
11871,8
11872,1
11873,5
11874,0
11875,3
11876,4
11877,3
11878,9
11879,2
11880,5
11881,3
11882,2
11883,5
11884,6
11885,1
11886,1
11887,2
11888,1
11889,6
11890,6
11891,5
11892,5
11893,0
11894,7
11895,4
11896,5
11897,4
11898,8
11899,0
11900,9
11901,2
11902,3
11903,8
11904,9
11905,2
11906,0
11907,2
11908,2
11909,0
11910,6
11911,8
11912,0
11913,8
11914,3
11915,7
11916,4
11917,9
11918,3
11919,1
11920,4
11921,7
11922,8
11923,2
11924,6
11925,0
11926,2
11927,8
11928,4
11929,0
11930,6
11931,6
11932,2
11933,0
11934,5
11935,5
11936,1
11937,3
11938,3
11939,0
11940,5
11941,1
11942,5
11943,0
11944,2
11945,2
11946,3
11947,8
11948,9
11949,6
11950,8
11951,4
11952,5
11953,2
11954,1
11955,6
11956,9
11957,2
11958,5
11959,3
11960,7
11961,3
11962,1
11963,3
11964,0
11965,5
11966,2
11967,4
11968,1
11969,2
11970,8
11971,7
11972,7
11973,5
11974,3
11975,4
11976,6
11977,2
11978,7
11979,1
11980,8
11981,3
11982,5
11983,6
11984,2
11985,1
11986,6
11987,2
11988,6
11989,5
11990,4
11991,9
11992,0
11993,0
11994,6
11995,7
11996,9
11997,1
11998,9
11999,3
12000,8
12001,8
12002,7
12003,9
12004,3
12005,1
12006,4
12007,3
12008,6
12009,1
12010,7
12011,4
12012,2
12013,2
12014,9
12015,1
12016,1
12017,0
12018,6
12019,2
12020,9
12021,1
12022,3
12023,2
12024,1
12025,5
12026,7
12027,0
12028,2
12029,6
12030,6
12031,3
12032,3
12033,4
12034,4
12035,7
12036,3
12037,9
12038,3
12039,8
12040,3
12041,8
12042,3
12043,4
12044,6
12045,3
12046,3
12047,6
12048,6
12049,9
12050,7
12051,1
12052,0
12053,2
12054,0
12055,6
12056,3
12057,6
12058,1
12059,6
12060,6
12061,3
12062,6
12063,8
12064,5
12065,5
12066,6
12067,0
12068,5
12069,7
12070,6
12071,7
12072,9
12073,2
12074,6
12075,1
12076,8
12077,0
12078,8
12079,3
12080,9
12081,0
12082,7
12083,1
12084,3
12085,1
12086,9
12087,3
12088,1
12089,7
12090,5
12091,8
12092,1
12093,7
12094,8
12095,2
12096,5
12097,3
12098,7
12099,7
12100,1
12101,7
12102,5
12103,4
12104,0
12105,3
12106,8
12107,6
12108,7
12109,9
12110,8
12111,0
12112,3
12113,8
12114,8
12115,8
12116,4
12117,8
12118,1
12119,1
12120,2
12121,4
12122,9
12123,6
12124,2
12125,0
12126,5
12127,8
12128,9
12129,2
12130,2
12131,8
12132,1
12133,0
12134,0
12135,4
12136,9
12137,0
12138,9
12139,5
12140,3
12141,1
12142,7
12143,4
12144,9
12145,1
12146,5
12147,4
12148,8
12149,6
12150,4
12151,6
12152,7
12153,3
12154,8
12155,3
12156,6
12157,4
12158,8
12159,7
12160,0
12161,7
12162,7
12163,7
12164,4
12165,2
12166,4
12167,5
12168,8
12169,2
12170,1
12171,3
12172,7
12173,3
12174,6
12175,9
12176,4
12177,1
12178,9
12179,6
12180,2
12181,7
12182,4
12183,6
12184,9
12185,1
12186,3
12187,2
12188,8
12189,3
12190,2
12191,8
12192,7
12193,1
12194,0
12195,8
12196,5
12197,2
12198,7
12199,4
12200,5
12201,8
12202,2
12203,6
12204,6
12205,5
12206,5
12207,1
12208,5
12209,2
12210,4
12211,5
12212,3
12213,7
12214,1
12215,6
12216,8
12217,0
12218,2
12219,7
12220,9
12221,2
12222,0
12223,6
12224,4
12225,3
12226,3
12227,2
12228,8
12229,0
12230,6
12231,1
12232,4
12233,0
12234,2
12235,6
12236,2
12237,4
12238,8
12239,2
12240,4
12241,2
12242,7
12243,4
12244,7
12245,7
12246,5
12247,9
12248,5
12249,9
12250,7
12251,4
12252,0
12253,3
12254,2
12255,4
12256,7
12257,7
12258,6
12259,2
12260,1
12261,7
12262,7
12263,8
12264,7
12265,4
12266,2
12267,6
12268,3
12269,6
12270,8
12271,6
12272,8
12273,5
12274,4
12275,1
12276,4
12277,0
12278,0
12279,4
12280,3
12281,0
12282,7
12283,9
12284,8
12285,0
12286,0
12287,4
12288,7
12289,4
12290,0
12291,3
12292,3
12293,4
12294,4
12295,2
12296,3
12297,3
12298,4
12299,4
12300,9
12301,2
12302,0
12303,0
12304,2
12305,9
12306,0
12307,5
12308,0
12309,3
12310,7
12311,1
12312,1
12313,3
12314,8
12315,7
12316,4
12317,7
12318,6
12319,8
12320,1
12321,8
12322,5
12323,6
12324,2
12325,9
12326,4
12327,7
12328,7
12329,6
12330,9
12331,2
12332,1
12333,2
12334,1
12335,4
12336,8
12337,7
12338,9
12339,1
12340,4
12341,1
12342,1
12343,0
12344,9
12345,4
12346,8
12347,6
12348,9
12349,7
12350,0
12351,9
12352,7
12353,1
12354,4
12355,3
12356,7
12357,4
12358,7
12359,9
12360,5
12361,1
12362,5
12363,2
12364,3
12365,0
12366,9
12367,7
12368,3
12369,0
12370,7
12371,7
12372,6
12373,6
12374,8
12375,9
12376,4
12377,5
12378,3
12379,7
12380,5
12381,9
12382,8
12383,7
12384,0
12385,3
12386,8
12387,5
12388,4
12389,0
12390,5
12391,8
12392,4
12393,6
12394,6
12395,0
12396,5
12397,8
12398,5
12399,3
12400,1
12401,4
12402,8
12403,6
12404,0
12405,9
12406,2
12407,5
12408,6
12409,6
12410,1
12411,7
12412,9
12413,7
12414,2
12415,8
12416,9
12417,1
12418,9
12419,5
12420,2
12421,1
12422,2
12423,3
12424,8
12425,3
12426,9
12427,5
12428,5
12429,4
12430,4
12431,6
12432,3
12433,5
12434,6
12435,4
12436,5
12437,6
12438,7
12439,4
12440,4
12441,5
12442,3
12443,4
12444,7
12445,8
12446,7
12447,6
12448,4
12449,3
12450,9
12451,4
12452,2
12453,8
12454,5
12455,4
12456,4
12457,3
12458,5
12459,2
12460,6
12461,1
12462,3
12463,5
12464,1
12465,3
12466,6
12467,4
12468,5
12469,7
12470,1
12471,3
12472,4
12473,1
12474,2
12475,1
12476,5
12477,1
12478,1
12479,3
12480,9
12481,9
12482,9
12483,8
12484,4
12485,0
12486,6
12487,5
12488,0
12489,0
12490,2
12491,8
12492,6
12493,3
12494,0
12495,5
12496,7
12497,5
12498,7
12499,4
12500,0
12501,1
12502,1
12503,6
12504,8
12505,2
12506,7
12507,8
12508,7
12509,4
12510,1
12511,9
12512,0
12513,1
12514,3
12515,6
12516,9
12517,3
12518,7
12519,8
12520,7
12521,0
12522,8
12523,8
12524,2
12525,8
12526,0
12527,8
12528,0
12529,8
12530,6
12531,3
12532,4
12533,0
12534,7
12535,7
12536,4
12537,9
12538,4
12539,5
12540,1
12541,3
12542,5
12543,9
12544,1
12545,3
12546,6
12547,7
12548,8
12549,0
12550,3
12551,4
12552,4
12553,7
12554,3
12555,2
12556,4
12557,4
12558,9
12559,1
12560,1
12561,2
12562,9
12563,1
12564,6
12565,4
12566,8
12567,4
12568,7
12569,0
12570,1
12571,1
12572,5
12573,4
12574,6
12575,0
12576,4
12577,0
12578,3
12579,1
12580,2
12581,8
12582,1
12583,7
12584,8
12585,8
12586,2
12587,1
12588,7
12589,9
12590,4
12591,1
12592,9
12593,9
12594,2
12595,4
12596,4
12597,4
12598,2
12599,5
12600,1
12601,7
